ipc,l1_miss_rate,l2_miss_rate,branch_miss,instructions,label,stall_ratio,mem_pressure,perf_score
0.9186127698561615,0.055414627282047886,0.023417846616002387,0.08856633384750476,487546407,0,0.08138723014383853,0.6900154414482392,1.312275009185045
0.8855410649188832,0.04741095026295923,0.02306234397006801,0.07696571132845542,475854508,0,0.11445893508111682,0.6508906804531971,1.3399206421123007
0.736219703232186,0.0593259083187309,0.02429793943489901,0.06969563212383514,420262202,0,0.263780296767814,0.7232624219729038,1.0040330462473794
0.926033907054884,0.05032004149065767,0.024450992055623934,0.09723272248995889,507291823,0,0.07396609294511602,0.6903000070751093,1.322338851491064
0.998182254760715,0.03331415926122411,0.015132269001477657,0.06683503175332303,429188647,0,0.001817745239285018,0.4359020170744496,2.2385686014828106
0.6846046319968099,0.05181021558703707,0.013538686524471908,0.0828196539922412,527594298,0,0.3153953680031901,0.4780145928375864,1.4028363947400433
0.85465669747568,0.05223914134064662,0.016792565454778453,0.07255361894124154,349618383,0,0.14534330252432004,0.5448078744581555,1.5404552401322118
0.9594905246025879,0.030336434106239984,0.022571273780089177,0.10127881975121712,443360752,0,0.04050947539741212,0.5727712120267434,1.6464274569529642
0.8639662250265471,0.03946584436826344,0.023191959628041915,0.09144780622351352,567829169,0,0.13603377497345293,0.6217025700338921,1.3676788191319114
0.8469892238060122,0.04464671814046078,0.02183824646495711,0.10025274819288144,504063921,0,0.15301077619398784,0.6153518018609853,1.3544203779144088
0.9434225649327845,0.041220174132434395,0.029354825876858913,0.0869341995520984,543641217,0,0.056577435067215465,0.7519772140669159,1.2381243789396756
0.78777466499273,0.0467767953078866,0.010186871541637105,0.08145748196031032,451867449,0,0.21222533500727003,0.3908446120642885,1.9652868999181772
0.7546957202237881,0.05981765486991594,0.026408218975018844,0.10657281656496462,467508655,0,0.24530427977621194,0.7674349989800406,0.9707508939189958
0.8300771168354897,0.056482804338438594,0.02360781252563072,0.054308314686000614,525703127,0,0.16992288316451032,0.6980874678663687,1.1722804801738747
0.9277256760763484,0.041607903326609935,0.01978261525093069,0.08836411511775945,547293482,0,0.07227432392365163,0.5620839183250536,1.621660120760853
0.40507110854891965,0.06400235855526774,0.023097006470501745,0.5787704528800965,415543051,1,0.5949288914510804,0.717949563631106,0.5564549094972636
0.9080613299118954,0.04248208949904816,0.020409977782067802,0.07431689804142405,358124677,0,0.09193867008810463,0.5781279136375487,1.5439861105989183
0.8662770908693779,0.04600363814385398,0.01616671706108326,0.07871631677422361,527669449,0,0.13372290913062213,0.5073488937970811,1.6744543213600767
0.9045513191701049,0.04973594243041073,0.006262475786373827,0.07871844471702567,531622710,0,0.0954486808298951,0.3241932854491195,2.706671134802981
0.9979164875956276,0.05579633173213576,0.015461219099265398,0.08816105693673512,487569207,0,0.002083512404372434,0.532409708913851,1.8397836012078521
0.7539762874355379,0.04350722454933993,0.02808606287484312,0.07654396525207072,501260543,0,0.2460237125644621,0.7357501556942221,1.011030680555015
1.0,0.041338251517854994,0.015813687844751498,0.07074120975949484,473526651,0,0.0,0.4816267629664499,2.034063389808262
0.772641908549663,0.043732827754100354,0.02366246051389901,0.1430411346902417,514338705,0,0.22735809145033703,0.6481805212943816,1.173905765290928
0.8163850546323314,0.04901411867715739,0.024757246385290435,0.10363782185919923,546175430,0,0.18361494536766865,0.6912014024144383,1.1642661463900137
0.8514734703351641,0.05794264679621827,0.02019118997480014,0.07405035598252299,470179429,0,0.14852652966483593,0.635594386680876,1.3188985033044538
0.9280436101697888,0.04629385667913894,0.02096794955683772,0.07208638576487472,488149401,0,0.07195638983021124,0.6045344178533102,1.5101572559786447
0.833350219971418,0.05388578604530964,0.028694498318987897,0.10837062690296073,525430418,0,0.166649780028582,0.7894331105609965,1.0424264506465342
0.878911648440673,0.049530794211208165,0.024826987422955853,0.054613390069066015,528600313,0,0.12108835155932696,0.6946629253039498,1.2472795387405442
0.8123169355505342,0.05949554135441324,0.009233285400643778,0.0607058914849857,467305080,0,0.1876830644494658,0.4226478734305285,1.8775475055720348
0.8321229771739319,0.040103718634296626,0.008940690443352465,0.06439601741765075,476062071,0,0.1678770228260681,0.33922868340423584,2.3827452231658213
0.9545714203425942,0.0637570681331162,0.02025443850928009,0.03745545159297009,581917986,0,0.045428579657405765,0.6601170427180666,1.424484619090943
0.7781268262921314,0.054599721429391165,0.01076906068880953,0.04846007035618006,525744179,0,0.22187317370786863,0.4337800994937553,1.7534063090701544
0.968395531111202,0.07558199285668253,0.016551361129679133,0.07573086441299123,452121552,0,0.031604468888797976,0.6333551940203128,1.5052268795091543
0.976365771658457,0.03909600922557154,0.0262344585776736,0.05647653326890439,504225257,0,0.02363422834154305,0.6810732084557581,1.4128253847956298
0.8163483741787713,0.02103744621806311,0.015489742228212448,0.09711111318041424,461058147,0,0.18365162582122874,0.3939446294365014,2.02094127434636
0.7374671122521422,0.060010460925671416,0.018977643895069393,0.05051735735915788,504890664,0,0.26253288774785777,0.6195947216040736,1.1713362373388911
0.8375458211686336,0.047963262498230345,0.010600378074304775,0.04864281149269088,541967455,0,0.16245417883136637,0.40386061147901686,2.02373890613917
0.9522131916630739,0.050281811573691285,0.023033615295680914,0.09064012397643886,468498751,0,0.04778680833692606,0.6617995522083835,1.4174067078980572
0.970271864141372,0.057250957868479974,0.01938645533202138,0.09106298312758418,488947876,0,0.02972813585862799,0.6167329381143475,1.54814244654291
0.8976125620349531,0.05529692754356731,0.02389468251756057,0.061918634205279995,494636761,0,0.1023874379650469,0.6990813605254806,1.2658809157947082
0.8523804911596596,0.050213116486719424,0.02150553669595871,0.05968242346020043,536959024,0,0.14761950884034036,0.6309631998660519,1.329843103844011
0.8656676204078145,0.04776534017628148,0.026154372565773677,0.09716028390604291,440551829,0,0.13433237959218547,0.7141488120205994,1.1954277988695912
0.9901816354738898,0.06521316051922452,0.012175986143189724,0.07699514022403481,555291653,0,0.00981836452611018,0.5043723649406926,1.925028837013937
0.7614779273006663,0.04646833707189312,0.025152902928120287,0.06348692634395717,531170356,0,0.23852207269933368,0.6889314068499782,1.0894887822148094
0.8569637654590537,0.034434181013402496,0.02307885574885571,0.09550310988069566,481844166,0,0.14303623454094627,0.5993138390307242,1.4064406723836809
0.8671274995304163,0.043986323560487865,0.030121548116434263,0.12563303673077686,564204789,0,0.13287250046958365,0.7783762565706367,1.0998904296057066
0.9232321694161659,0.06030283454031843,0.017459299011763445,0.07886823022200208,542979243,0,0.07676783058383407,0.5903973183965426,1.5377020201919047
0.8057080555722254,0.06289752754082746,0.02249842555151467,0.08037638099481197,422424387,0,0.19429194442777464,0.7015586211936032,1.132314375196089
0.14793648068786674,0.09460280856586747,0.11649410940191973,0.2542282552330779,108193732,1,0.8520635193121333,2.7082934223018644,0.054422557724689416
0.8142853108359577,0.04831856181415211,0.020490337697694722,0.09899189142728977,567555704,0,0.18571468916404232,0.6030810012105029,1.3281855239816358
0.43349549041492813,0.36990736325612683,0.345774476023298,0.08702330935254168,332151566,1,0.5665045095850718,8.395118973490469,0.05157517600668853
0.8338245878052885,0.05474698232879953,0.02443827712936918,0.0799937265477645,476770946,0,0.16617541219471155,0.7077534719025818,1.161714461087916
0.8520872840168667,0.06161878302608191,0.02279069757259253,0.0833611961193364,520738644,0,0.14791271598313327,0.7022890835561783,1.1962660999417978
0.7915255968046464,0.0577966053226934,0.017076911346714,0.05046150144936197,511643404,0,0.2084744031953536,0.5727246482250536,1.3583183742365947
0.8408368123797906,0.062004139079444257,0.02103633664699472,0.12542899490845594,554002802,0,0.15916318762020942,0.6687432892576715,1.2388141815728266
0.8587515835683914,0.052987529083656865,0.01632913100610752,0.060283923826643465,557301378,0,0.14124841643160857,0.5385327364567779,1.5655429958756117
0.7089567875709812,0.06380091354147452,0.020775953419294897,0.10394493847290456,519665352,0,0.29104321242901876,0.670722722551796,1.0414766013882208
0.7585623761735502,0.06364140429973844,0.02243936142435537,0.08874626374077922,528558970,0,0.24143762382644984,0.7033528456860612,1.0633761129024573
0.814456539193911,0.05020793707675408,0.026000394782134305,0.08672289926052458,521089003,0,0.18554346080608897,0.7208396439497025,1.1144120956442851
0.7355379918305561,0.06133770096867065,0.02135028679195711,0.10581288921845095,572637777,0,0.2644620081694439,0.6723565397138248,1.0779379239759836
0.8108448445985422,0.03765651128120078,0.016965674110714122,0.043124128330385085,457380661,0,0.18915515540145778,0.4899395273390855,1.6218858487030257
0.934673958947967,0.04778746376414228,0.025621766799352512,0.08888396654581344,505124232,0,0.06532604105203299,0.7035851910436194,1.3098281335981832
0.8347729057533113,0.06208366230593143,0.01860119915752083,0.07903822985338455,553842407,0,0.1652270942466887,0.6203586323741423,1.3242825002796839
0.958451028704396,0.042008079933497464,0.014051666704548195,0.08001365637914966,565584672,0,0.041548971295603976,0.4490656538249537,2.0878299666257822
0.812926584575003,0.06317394065634326,0.01196220067815513,0.07812727622521659,501131542,0,0.187073415424997,0.4919397761884756,1.6195699626517615
0.8972523864553847,0.04526160652929084,0.018074890941435683,0.08286097539757904,511374793,0,0.10274761354461526,0.542544244945877,1.6238561792337056
0.9496868153998103,0.04761067900830306,0.016516140907852125,0.10058914963196715,532615307,0,0.05031318460018974,0.5207655341902547,1.7892774760679764
0.9066685157839482,0.05467693171765434,0.018852256723198266,0.053344452050407005,561499518,0,0.09333148421605175,0.5957528613345826,1.4967630755988413
0.9752419223387472,0.06100959634998571,0.02789059028781092,0.05641261756734765,435471928,0,0.02475807766125282,0.8018501911561613,1.201258474731525
0.8153953449744303,0.04196821049319655,0.020016877532985804,0.08246156403312363,518008209,0,0.18460465502556966,0.5682103926325023,1.4102052736583681
0.9158536467169531,0.04044877420650647,0.020953177956325123,0.07321755441459923,526161159,0,0.08414635328304687,0.5808586559525284,1.5500384694212483
0.7885761947916697,0.052871241652018244,0.01863003459085348,0.051540501494766536,530986939,0,0.21142380520833026,0.5840856584251426,1.3273779355019286
0.8898398632996359,0.06711708480142344,0.017258563517546996,0.05609412472801511,472697910,0,0.11016013670036406,0.6136396095566337,1.4268494971514927
0.8472252090090575,0.043875626253595625,0.01878308010312491,0.06059751479240713,404434155,0,0.1527747909909425,0.5511641070768807,1.5097637185355226
0.9006225492885027,0.03984178181021603,0.019734396734912275,0.11840735004288522,499702264,0,0.09937745071149728,0.5540550619391096,1.5966926104560444
0.7958270630790311,0.06490726136849953,0.018214853995966954,0.09148142441788003,509971199,0,0.20417293692096894,0.6239261253933372,1.2553940139085416
0.7643932186939077,0.04630389663956366,0.014261543050921664,0.09826947464034813,552003090,0,0.23560678130609225,0.47044644757668796,1.5910060789280718
0.8956712408554534,0.037561367646087154,0.013747961330151413,0.10366987333779856,487182966,0,0.10432875914454665,0.42520469718737686,2.0580458957450616
0.3358447303746952,0.06068072269248621,0.03259679372818944,0.6006303705785043,393658473,1,0.6641552696253048,0.8946587653337336,0.3712391271097675
0.76718061420645,0.05381158384882778,0.021197022502676886,0.07247398550150008,433343582,0,0.23281938579355,0.6391867854488489,1.1817563625790997
0.8076191836986368,0.04740957854179297,0.017733757954884934,0.040977962719227504,556977776,0,0.19238081630136317,0.5443134732648706,1.4569719529669953
0.9450714618758467,0.04194129933503812,0.019063354907968125,0.07607438697224127,548391301,0,0.054928538124153325,0.5490322954995149,1.6905489530464286
0.8748726052478404,0.03829886973940641,0.02529968192023311,0.06961207256347747,398188974,0,0.12512739475215962,0.6591891173622878,1.307362272560985
0.8111709161736717,0.04164652946740243,0.030498608945832575,0.06529393078636095,516222930,0,0.18882908382632835,0.7765582967862612,1.0312915387047257
0.9522141457518807,0.07165002344901084,0.015412485894928683,0.06335877390300287,375096949,0,0.04778585424811932,0.594849811694617,1.5742984908667619
0.8019826498272964,0.05393317839394372,0.01425602982420672,0.08268592994495585,451670605,0,0.1980173501727036,0.5008533100599093,1.5698883300437956
0.8858166848013852,0.0522323891412916,0.01446853243794183,0.08372832339488093,525154518,0,0.1141833151986148,0.498300205324003,1.7427037713603597
0.728145047617298,0.040806154084135765,0.02126120198213339,0.07327226109177727,474938294,0,0.27185495238270196,0.5884486559792108,1.2167210007780394
0.9021113001044638,0.058949243769444416,0.017739548335834597,0.11046477243424517,407033161,0,0.09788869989553617,0.5905879417944696,1.5020469731861186
0.8736896221651661,0.05078635190316091,0.023352403086206064,0.10083449328117702,529774544,0,0.1263103778348339,0.6701934693367649,1.2844722296688222
0.8573408621228401,0.06500759790634311,0.019302768621595003,0.08468048908706297,480582653,0,0.1426591378771599,0.6460857640572725,1.3067512040209415
0.7373230962909152,0.06109699841956223,0.02511854773053491,0.06326158592407441,528898926,0,0.2626769037090848,0.7467589482889471,0.9743169842365565
0.787339736613101,0.06189470488924641,0.020509281476309933,0.09903099541148086,497203977,0,0.21266026338689903,0.6577644490831842,1.1790680646357996
0.8912038149044839,0.035973947282003066,0.01843470984738423,0.09800797176790127,457157406,0,0.10879618509551614,0.5125899860756968,1.7053595335739815
0.7969900992843323,0.04773515901150168,0.02183740832737152,0.06068670392953584,524820005,0,0.2030099007156677,0.6276888025934372,1.2498104028846477
0.7701316767408967,0.051085597057765234,0.028129794576810314,0.08759535272081792,462061737,0,0.22986832325910334,0.7669382797672673,0.9912391972391815
0.8826602204571578,0.049805803941122676,0.022814404300871775,0.039630242712227245,447693945,0,0.11733977954284225,0.6555113017819263,1.3262888520357337
0.7003366463179315,0.034374541431134574,0.024292255583283327,0.08448679313556165,572605884,0,0.29966335368206853,0.6233432773902048,1.1057773427449706
0.7758455622737533,0.05558326912521723,0.022183692758667547,0.07523779127375892,549881603,0,0.22415443772624666,0.6660069316742199,1.1476887675578562
0.9106006168037843,0.053946715298229815,0.02018968917723801,0.08263855933543915,520884037,0,0.08939938319621565,0.6195806447376795,1.4463605646313895
0.8657488988695299,0.06047098302612155,0.011154620475554409,0.07586777440607907,465555722,0,0.13425110113047012,0.46497634161557433,1.8227200452232846
0.8018634710216482,0.047426234625766554,0.02403561298318655,0.030233452931740214,543111175,0,0.19813652897835177,0.6704171981667972,1.178487952953064
0.7499109138891757,0.043222550294751486,0.01343890403284297,0.08665215020648395,563628508,0,0.25008908611082425,0.4416682818358653,1.6603134292296635
0.9264113856400991,0.06702214944635237,0.015840888958847776,0.05489729256053211,475121375,0,0.07358861435990094,0.584906376962365,1.5572389564395368
0.9324799617996761,0.0444969484615458,0.013270645382633926,0.11469873151673618,449015234,0,0.06752003820032393,0.4434007014988617,2.05663546332651
0.7360201451029235,0.07142270358611864,0.01345589800440444,0.10307801468511495,539179483,0,0.26397985489707654,0.5548087744325634,1.3031315702245738
0.4743887410542169,0.2700302618902844,0.265326727590356,0.05756939705149945,295606610,1,0.5256112589457831,6.386655599368257,0.07416199507459308
1.0,0.054956818879726047,0.014989062721092638,0.0558104612916239,423476929,0,0.0,0.5196085299407569,1.8881871107926869
0.8440443267387066,0.06914031353866787,0.023015937155411715,0.04260367320935672,511592104,0,0.15595567326129345,0.7368799972629058,1.1300936292736172
0.8026084860608904,0.056963874474567154,0.03474547212654363,0.08645949007235336,534523634,0,0.1973915139391096,0.9227649404291413,0.8604616782569366
0.7958886158352584,0.04802661579692674,0.021762524841784398,0.0862221998228639,453026837,0,0.20411138416474162,0.6273569600233949,1.248732916960763
0.8694671559458154,0.049486062764115143,0.0118476337814243,0.054419385275604276,521725132,0,0.13053284405418464,0.43489692668494656,1.9543114456295805
0.971842388512642,0.04353063222294426,0.0184601923518048,0.11775375314680381,523631517,0,0.02815761148735796,0.543326375927873,1.7563637498446725
0.8869682779410616,0.05141716913639905,0.014570874355574073,0.10710885602210991,494935964,0,0.11303172205893841,0.4970861636570777,1.7491470710703183
0.8511143433530357,0.05168460976269615,0.014540330498023436,0.08014356933815885,484235167,0,0.1488856566469643,0.4975450490112533,1.6769237430472201
0.8947832358344832,0.05082439752934503,0.017563985394025365,0.08928739727093149,637760887,0,0.10521676416551684,0.5545772979978875,1.5848728579905302
0.9636403398391884,0.06000582318042978,0.02608979576152779,0.07268988126029469,559078385,0,0.0363596601608116,0.761819207952275,1.2485311714330574
0.9060247903527193,0.06314914453584047,0.023113556119501343,0.07955442041632574,536095174,0,0.09397520964728068,0.7148677005333888,1.2499174534691329
0.8468355876914676,0.04680946064333382,0.022865639066206,0.07671329588229217,524309239,0,0.1531644123085324,0.6445506238974553,1.293766374629774
0.3164824971428961,0.04926311341082247,0.03344582228537168,0.5155539594829841,404120574,1,0.6835175028571039,0.8659688993507235,0.3612942164698723
0.9443552096577029,0.046346784486878914,0.019582810151048197,0.11945084353579616,541983193,0,0.05564479034229708,0.5770433409684796,1.6086635240589648
0.7982741692605979,0.03581634267066969,0.018064346751052427,0.11060390397726702,521034981,0,0.2017258307394021,0.5045523057037273,1.5513955732232867
1.0,0.04819520086409375,0.02299397194780955,0.09385711511635624,502793196,0,0.0,0.652660242412566,1.5090689556978272
0.8679030361311119,0.047907781262554724,0.01666110221765557,0.084860094441088,521610834,0,0.13209696386888814,0.5248531694033303,1.6226940135725927
0.8721352639464015,0.04246035411133324,0.015824285491849884,0.059955659621465505,491231077,0,0.1278647360535985,0.48632712628233066,1.7571783160010002
0.8649287298525086,0.04379152401748884,0.023343274023789534,0.09096639255108997,481218316,0,0.13507127014749143,0.642031576545746,1.3265135630924858
0.8765010745122851,0.05543600154594433,0.021312806645009626,0.055957009478478224,548099359,0,0.1234989254877149,0.6480001390839698,1.332068220733965
0.750177345442812,0.0358628550309502,0.025962537562389875,0.11882434872927498,524678010,0,0.249822654557188,0.6627021713715984,1.115170096616823
0.7543034700735463,0.032602862212219,0.01948389123533752,0.06941335775103258,515926050,0,0.24569652992645374,0.5200892735556264,1.4229744077143476
0.7171231253187207,0.06340450446023145,0.020907133100569856,0.10606556074632127,491487087,0,0.2828768746812793,0.6717606798523229,1.051869294477437
0.845237971515056,0.050760053914124116,0.022021473774808488,0.08092005494506549,485660288,0,0.15476202848494403,0.6434696911526662,1.2934616294508265
0.7367703406359668,0.05998010109859653,0.021882047630487584,0.06586214864025303,424988906,0,0.2632296593640332,0.6775613570041378,1.0715703160605823
0.2219873274516104,0.16668066290526873,0.12214339830519191,0.21800638897232835,94001779,1,0.7780126725483896,3.1095906177249133,0.07115912138930063
0.9003703073538889,0.053216978061960137,0.01248459849120091,0.10274629084729459,460373827,0,0.0996296926461111,0.4625598820718587,1.905304156176711
0.8603376945580182,0.08193107567844861,0.023341702443590406,0.09469275090918661,484517514,0,0.13966230544198177,0.7945583515856025,1.069329145440461
0.8288274533409635,0.04011408892849083,0.030118031096148197,0.09950624916955958,590670384,0,0.17117254665903647,0.7628169776369272,1.072475731414832
0.6740955234703934,0.04894051645695865,0.024776502791188766,0.09521693308622955,556118710,0,0.32590447652960663,0.6912921216516099,0.9612193017124362
0.8440453256719963,0.045706977754827405,0.019691179000699357,0.03848823981842934,445236474,0,0.1559546743280037,0.5766514910332967,1.438750840273737
0.7515308546852836,0.057011727423108984,0.012662373671237799,0.07464717818202413,500211492,0,0.24846914531471642,0.48129438311719186,1.529695597000171
0.8130179769035966,0.03486285607387173,0.01497972701578995,0.08318925013608258,464604452,0,0.18698202309640344,0.43904596461128587,1.8105451133658022
0.8303689507197703,0.05594754341665286,0.018829900704465094,0.0780675265997022,549318825,0,0.16963104928022965,0.6003881877559133,1.3603948558909935
0.8442391902735733,0.03705318524279094,0.0078059142086178545,0.11509866143294484,509466415,0,0.1557608097264267,0.30433102514352084,2.685828387090014
0.9513528919349298,0.06672572386837704,0.024434436950486502,0.06237863326677416,458196892,0,0.04864710806507022,0.7555916344832382,1.2426375225182253
0.930282631831362,0.0616082678737852,0.01932860418906848,0.08036803261566876,514862213,0,0.06971736816863805,0.6330051552765104,1.4467732088886818
0.3576535910142781,0.060460792216331515,0.02965183273349946,0.5104576435066813,399673985,1,0.6423464089857218,0.8348798235353153,0.4233188922866123
0.8693569817252828,0.07075260872625266,0.01615428825106351,0.054256728628315,450750343,0,0.13064301827471725,0.6060961999262808,1.4110734359817605
0.7170783950184831,0.032315606344371486,0.015368094350092308,0.11715404687075465,547260576,0,0.28292160498151686,0.43662431237933214,1.6055516351054482
0.8395885556505852,0.04813028697014554,0.014499228835141525,0.12640081444034518,483172370,0,0.1604114443494148,0.4825057245834127,1.704728521400951
0.8497117968727546,0.05953125045376087,0.01172556281885852,0.0848576402630055,528242117,0,0.15028820312724545,0.4726362581922139,1.7605635350636044
0.8728692312579924,0.06032546204341657,0.015807071007763844,0.0863904934156591,509545826,0,0.12713076874200757,0.5574432683289432,1.5382493369398749
0.8688491646486852,0.03384868184094491,0.02732088619376219,0.06336090165011098,441151894,0,0.13115083535131478,0.6818124512390235,1.2559027567263241
0.92800957867342,0.05148667457202112,0.02445191581759893,0.10799189290291587,523651914,0,0.07199042132657996,0.6949850146400631,1.3163536236968445
0.8378571923971533,0.031637946268967036,0.023916952546412976,0.073397598120671,477118337,0,0.16214280760284672,0.6048908360041276,1.362611285349403
0.8675320262131151,0.07231300146192632,0.021792268091048103,0.08437068084821892,566263804,0,0.1324679737868849,0.7250973676686674,1.1801593426520611
1.0,0.05486501643826202,0.028372462166737687,0.08515951962442361,446166043,0,0.0,0.7869093090878019,1.2548479338817988
0.9156385744957891,0.055462842480037,0.020706285700437317,0.09385715168474873,458896199,0,0.08436142550421089,0.6359770839288943,1.4174474563815607
0.7811669307772838,0.05513600106569717,0.024879083596723545,0.09357893975524466,510834155,0,0.21883306922271617,0.7181256761972595,1.072846290570386
0.7635149337920082,0.058712972974572446,0.019803463561861846,0.10436389423508512,547565312,0,0.2364850662079918,0.6309211631355267,1.1912774576778302
0.9056965091850735,0.07589563642018614,0.024511385868933235,0.07137748860849802,488530883,0,0.0943034908149265,0.7938102630594093,1.1267540995780168
0.8707778001377185,0.04511150578213726,0.03028271782414771,0.04336635505587948,497344659,0,0.12922219986228145,0.7861003796115033,1.0938040257720487
0.7773949070366721,0.031334633829269404,0.01872522103223151,0.04504726980343477,453220185,0,0.22260509296332787,0.4998429559617078,1.524773261935699
0.8698576469040269,0.05693105607263144,0.016871613562518938,0.054129847495918086,559655647,0,0.1301423530959731,0.5651564955409045,1.5123842878379934
0.9018150830480554,0.05059630369920175,0.016037900395000193,0.07172788933156712,500900843,0,0.09818491695194465,0.5231432226968109,1.6915062307017295
0.9035738039064031,0.043486431062081714,0.0213174360766553,0.05717982980494524,461932236,0,0.09642619609359693,0.6002944457814329,1.4805538705983954
0.8649163451815541,0.04446411758292006,0.015230302903016777,0.054901546639954155,482634885,0,0.13508365481844586,0.48246252839201575,1.7563089480242715
0.8931128034947726,0.07006092888159124,0.02406602593373989,0.11870308080120459,583868854,0,0.10688719650522738,0.7615642342011627,1.1575352561792278
0.7431724513031919,0.04916894427371306,0.016751173865758664,0.07346607573627272,514578183,0,0.25682754869680813,0.5316992544100255,1.371928141404947
0.9133330155170348,0.048559124442783846,0.018064501487627994,0.06821456696421388,545026653,0,0.08666698448296517,0.5555265275236952,1.6150135688882723
0.8337563691165606,0.05301791899819466,0.01717612997914529,0.10933081718557205,497130464,0,0.1662436308834394,0.5555942755756844,1.4741244830809683
0.8058221564575223,0.05288693629279857,0.02589862604180355,0.06552019336514782,506534501,0,0.1941778435424777,0.7295202660072653,1.0896552717996855
0.7776546699916473,0.03880382566710989,0.014345557823370422,0.05897380176721311,472450909,0,0.22234533000835266,0.442126459135848,1.7199937191864048
0.734153252680214,0.024460788650980454,0.01760581271995798,0.07431230700786981,497631464,0,0.26584674731978597,0.4499594090030814,1.5961261761585046
0.40815547403310093,0.04878248897144112,0.022978802168692053,0.5558696304824754,403704394,1,0.5918445259668991,0.6547059992596056,0.6140391007268357
1.0,0.05061679849847972,0.02611784441209314,0.05554209960888872,539200138,0,0.0,0.7248240822357817,1.3608699336001508
0.8766929684229559,0.059039348410861954,0.020290113674041977,0.05041111553720552,391421429,0,0.12330703157704415,0.6419596671242873,1.3447043009423252
0.7820124504428166,0.04632972160916678,0.018985096813021716,0.0616374603316685,545945742,0,0.21798754955718336,0.5650208226971014,1.359972403738065
0.893767790493603,0.06085895565831578,0.02267252824240275,0.11522376249734748,490153909,0,0.106232209506397,0.6968863874813181,1.264372615347928
0.1939754394148027,0.09134853689045151,0.13541500419237573,0.2004035109385788,108378305,1,0.8060245605851973,3.0736942314093207,0.06290359058269904
0.7954412601601761,0.05708303847201064,0.018938955150494242,0.0950219890901462,528338586,0,0.20455873983982387,0.6071112568979273,1.2889754501622148
0.867316687166558,0.03630197020420922,0.023953127995813846,0.039483842537772464,567778646,0,0.13268331283344204,0.6242704407331138,1.3674241009309538
0.9375353214776758,0.0585277367512222,0.017602535163003783,0.06734489940229922,521266065,0,0.06246467852232418,0.5861616502649645,1.5726193072985952
0.77622677406579,0.06374876419148184,0.02309855722983068,0.06561781097101628,546873874,0,0.22377322593421,0.716966201362541,1.0677618472645918
0.8473797383827201,0.028781451009914055,0.022986141091266926,0.08746697119422797,471721181,0,0.15262026161727993,0.5748486258649947,1.4488872862263122
0.44292351813310765,0.28827440007888017,0.18230916673426684,0.08038916511037766,268892525,1,0.5570764818668923,4.799280935000858,0.09209765952943415
0.8723217220616272,0.044573262002659784,0.02924304416648206,0.0781631047133009,510569828,0,0.12767827793837283,0.7631539313402803,1.1282639674992496
0.9544383045723464,0.050103526198433807,0.023329621260272305,0.07277074466612028,479534576,0,0.04556169542765365,0.6670065299991813,1.4097918739033442
1.0,0.0561277390506257,0.015496896326760656,0.05413716912482705,485287874,0,0.0,0.534448882737716,1.8367197209985684
0.8209729151648273,0.043499974191765406,0.012974050765982126,0.08365002061198427,499295051,0,0.1790270848351727,0.43348091208670414,1.8512023692336963
0.9245024095292959,0.04328376632061949,0.01590371070139251,0.06286455812346414,510318088,0,0.07549759047070415,0.4912092793103282,1.8445436820352281
0.9132825557634437,0.06105525932957984,0.03206307710806458,0.07032877032306926,469617682,0,0.08671744423655625,0.885482579479611,1.0198775237974778
0.8519608139407154,0.048270539400765776,0.019220509110316662,0.07845113078548013,412888915,0,0.14803918605928457,0.5774923398093964,1.450164974435449
0.8588738071767893,0.05436323669674033,0.020919247723768474,0.07222958449633982,484088123,0,0.1411261928232107,0.6358379012623308,1.3298597147954099
0.8471339168712039,0.050768218910602556,0.02044328795480719,0.08404657592845605,423120760,0,0.15286608312879613,0.611938634738554,1.362086015491409
0.4573777001254808,0.0702876899142348,0.038366819730762614,0.5735580469390581,422398340,1,0.5426222998745192,1.0484871542721914,0.43210510234294774
0.7317182407706058,0.04827372700059181,0.015887900338088998,0.09429219581273236,546621743,0,0.26828175922939423,0.5108529147641472,1.4048462051939226
0.92196799003466,0.05919076482987769,0.022091991104443418,0.11352786054416406,447245531,0,0.07803200996533999,0.6786028814083791,1.3388965032341806
0.8999295853641724,0.03790305257158893,0.02347768878782889,0.058156727345638204,584971799,0,0.10007041463582755,0.6211659860429335,1.4258207908291132
0.7977336613941031,0.042300267689413584,0.013348431871305052,0.06533687605780007,609811157,0,0.20226633860589693,0.4361697081837554,1.7879601567786303
0.7839602242565991,0.0438659733645906,0.02250332860690605,0.05268351689169122,416945829,0,0.21603977574340094,0.6255304655964834,1.2335525465656558
0.9680284973559641,0.031980195624199806,0.023085029747883488,0.0731818424530784,502374673,0,0.03197150264403592,0.589621377454469,1.6143995757213798
0.9726191130402062,0.055792914996010884,0.013236648570782328,0.046253113057785795,458769387,0,0.027380886959793793,0.4879046313996901,1.9534245148634535
0.4273292945808073,0.4521088955267365,0.2715373982886581,0.0762664207537311,295902466,1,0.5726707054191926,7.239183547880107,0.058948610110137446
0.9014178207894035,0.049451059993837136,0.015877429192361632,0.06536736522182944,484062584,0,0.09858217921059653,0.5153528238225812,1.7158332075394431
1.0,0.05538296079049633,0.025236588533107243,0.06785291133575577,568485055,0,0.0,0.7262636138241301,1.3582091810921246
0.8020485883644782,0.04512088591854298,0.015214245425524787,0.10381097188687193,508809491,0,0.19795141163552177,0.48476845218466763,1.6210584664867056
0.8974481006374707,0.05126379579546412,0.021669299832842673,0.09744394000145956,490456389,0,0.10255189936252929,0.63844117983871,1.384008493816968
0.8038486504381481,0.02127737786718351,0.020274670554999243,0.07679279837910338,538312148,0,0.19615134956185187,0.49060292256871885,1.6057610017804123
0.7652629182488838,0.05021271576736062,0.016547294738418705,0.07172768668740714,574835520,0,0.23473708175111618,0.5317967578378165,1.4124538531807909
1.0,0.05919228934575204,0.020419133139646804,0.0404354950125038,455633527,0,0.0,0.6451518201759442,1.5263637666937186
1.0,0.0674957674318694,0.01999645702711677,0.08902450638637016,443697301,0,0.0,0.669912210269813,1.4707781164911937
0.8770082129660162,0.04773521108098473,0.015658536340618166,0.04319844510988494,496030578,0,0.12299178703398383,0.5041115711363022,1.7058713754052077
0.4504391827449074,0.41440378624261887,0.2831223525957324,0.07389622309038496,300825749,1,0.5495608172550925,7.3200621968851225,0.06145093597382019
0.7735567647519659,0.04627166847908233,0.028596889531036486,0.027937258243454027,514290164,0,0.2264432352480341,0.757024464537059,1.0085164170335161
0.8284474532444354,0.05860473488359746,0.01988223924562881,0.09044501272035557,511334212,0,0.17155254675556464,0.632063724446966,1.2902885207508161
0.7708316143793135,0.04552678104341249,0.027016849850625954,0.06331353909016836,466640545,0,0.22916838562068653,0.7224441211861691,1.052410132162679
0.8116660609723768,0.05771698710648345,0.02425448981083986,0.0863490652250035,537495011,0,0.1883339390276232,0.715957744642731,1.1180624037172107
0.8877174685708796,0.03561722021682634,0.023945283436877594,0.08702959800704403,586311327,0,0.11228253142912037,0.6213745496048573,1.406007684545494
1.0,0.06373658545162958,0.017741702619201886,0.040621537151678336,514748572,0,0.0,0.609780394190556,1.6134747232622895
0.7938357524898118,0.0572762954363698,0.02311103572021701,0.07811082571115995,494325967,0,0.20616424751018825,0.6913258961498194,1.1319070874865143
0.8185328950138111,0.046661805102439904,0.017878818333009784,0.0773987941289276,449111784,0,0.1814671049861889,0.5442235870699552,1.4769001430292685
0.7940219593605932,0.04790976742713975,0.022411244763403285,0.08313387456493049,542155266,0,0.20597804063940683,0.6398639649766247,1.2218279550077127
0.8296018226063315,0.040006977677050894,0.024240871063333343,0.09462760505149985,467916658,0,0.17039817739366847,0.6448453319748704,1.2668668189241477
0.8138154944600738,0.061241127199860135,0.026318533388273342,0.09012481978611853,568923481,0,0.18618450553992616,0.7713351765649074,1.0415702746649194
0.8749000123634829,0.05419532443907028,0.02726630331660517,0.03788706116319351,537828233,0,0.12509998763651708,0.7621073640883846,1.1331325837002786
0.8560643646554981,0.04786557129069792,0.012410631266595952,0.11179677956361368,537736664,0,0.14393563534450193,0.43967491049471075,1.903740557180958
0.8695040571016959,0.060857863249393476,0.01180257918737283,0.07301121345566089,549134157,0,0.13049594289830413,0.4794830367450305,1.7763721964375583
0.8081821583584768,0.053506300992735595,0.021934042603446013,0.10130343931428773,450356699,0,0.19181784164152316,0.6527060560398626,1.219518293205191
0.8410137560247336,0.044194765501952775,0.024345780321946366,0.08350573557867848,470999183,0,0.1589862439752664,0.6636946684467384,1.2483604152067342
0.7697976508289752,0.024089577078550903,0.02130625265616928,0.07668737179364736,535793637,0,0.23020234917102478,0.5224833614375892,1.445674562958529
0.8412991881234514,0.05119580368414153,0.012388204068910544,0.044122150042642194,513830038,0,0.1587008118765486,0.452547296114777,1.8188392737132992
0.9160333079190424,0.06390207549017314,0.021150353795957012,0.12172094099074228,524735282,0,0.08396669208095764,0.6786153778798327,1.330253923081711
0.8759333081990753,0.04390487797840717,0.017208491230269848,0.10243715712460942,507724683,0,0.12406669180092467,0.5197893365190256,1.6533615303667388
0.43811583415195077,0.3507254499631327,0.2928432200161122,0.10093823588976279,320743177,1,0.5618841658480492,7.2597662001747745,0.06026546412750081
0.782822252625538,0.05677925871339269,0.015181205368946946,0.12330112135613205,507856395,0,0.21717774737446205,0.5307411422325097,1.4476839128488903
0.764328600155111,0.059183166060023135,0.019098041591187963,0.05792660342939261,457682014,0,0.23567139984488905,0.6186934960638518,1.215741223569909
0.8591382118929631,0.053319803305690146,0.023127540084155178,0.14486185939189467,619418599,0,0.14086178810703687,0.6758300149058641,1.2526984722459062
0.6964983027760767,0.04809317599236654,0.017279429989429038,0.056764323121752724,557301507,0,0.3035016972239233,0.5379613037580468,1.271072059284713
0.9010873967021898,0.05140886246911204,0.022368160384057274,0.10994863366359253,508400767,0,0.09891260329781015,0.6529986575575937,1.35910893096177
0.8646673604590681,0.06039904687396077,0.01336976156958981,0.06070924410179618,602103482,0,0.1353326395409319,0.5089914188876393,1.6660532891127955
0.8819308891481656,0.05847421677150422,0.013003469125990293,0.037348087476903276,517848637,0,0.11806911085183436,0.49396624960582275,1.7499800628275566
0.7396544617588378,0.04691965715814259,0.009564864906989656,0.05805263362057867,437772874,0,0.26034553824116224,0.37897592677236347,1.9015430283728032
0.8048737095410617,0.050979831534708954,0.018037644469695635,0.06454862502487518,429996463,0,0.19512629045893826,0.5646722155327485,1.4005787782778145
0.7717301777907974,0.04650683203881803,0.02842507139354255,0.0634360745406953,497505992,0,0.22826982220920256,0.7545287560261231,1.009419425636919
0.802850819444463,0.04993929088460107,0.02042659071282512,0.10553930772176376,425797166,0,0.19714918055553698,0.6082889777949068,1.2985041756813873
0.9802892436457034,0.04751308873816453,0.01934263702164166,0.09147488842008826,558672113,0,0.019710756354296644,0.5769050953854913,1.6702687561467315
0.8687371786029217,0.053615035252061016,0.018500809018625598,0.07204884469016558,504648962,0,0.13126282139707834,0.584476321380756,1.461348664964747
0.8026742888931335,0.04990881003355797,0.01908401690639806,0.08723322122494033,536597775,0,0.19732571110686647,0.581315578262193,1.3574380895766334
0.8001840384143525,0.028471094070475173,0.027111849308492537,0.07423922252155847,530280311,0,0.19981596158564752,0.6561213624517515,1.2012586347166
0.8467873639484526,0.04805091719647319,0.010896983497257415,0.1203055022092128,485277212,0,0.15321263605154745,0.41014333873104103,2.01547254445591
0.9107175376394614,0.06247742072673734,0.021329391148260244,0.1156359781754212,527916821,0,0.0892824623605386,0.6764975058721543,1.3266144885442066
0.7146028296228144,0.05484732817294475,0.02148287772570381,0.09192882275163505,422753132,0,0.2853971703771856,0.6490468672058552,1.0842974379841883
0.8590813876200998,0.05133540904782283,0.011370966356047016,0.06276593859487484,604659896,0,0.14091861237990022,0.43276096331223163,1.9402825876821534
0.8202847307203367,0.04077589815501498,0.017305790719036308,0.0964031637351097,447244616,0,0.1797152692796633,0.509219407000786,1.5798422009273911
0.8449856722181462,0.05308833012598964,0.015419040422593788,0.07044708834791989,475251725,0,0.15501432778185376,0.5207341289558343,1.5921072833220093
0.9150289695071168,0.05267392314071903,0.023252250462680694,0.05693298978808081,450767260,0,0.08497103049288324,0.67574070181649,1.334365842778844
0.9364624580443697,0.0354244850053507,0.018240393410917453,0.06898896136583024,484719469,0,0.06353754195563033,0.5065058082397519,1.8130724632813464
0.824235078703546,0.037723921848630076,0.027745100757475938,0.059576750848794,516897876,0,0.17576492129645405,0.7057977025440391,1.1514916515855056
0.8593861906647026,0.04101532018208963,0.035549592780026805,0.10122741929746268,420106393,0,0.14061380933529743,0.8750531363288947,0.970999542727281
0.8117001102669218,0.055087250232299344,0.015834719714996205,0.040629915731238926,532616516,0,0.1882998897330782,0.5370433952291215,1.4837947361140382
0.8785612388772037,0.050818293585475655,0.015847777967217175,0.05585956704285569,560330407,0,0.12143876112279628,0.5202287336862461,1.6569476210187384
0.8801840394435881,0.042719970587708656,0.017540487762468974,0.07545047480093185,565509595,0,0.11981596055641186,0.521689637600214,1.6554470450398595
0.8167769668879359,0.06148637349428716,0.021945795978339643,0.10662678123976807,450773297,0,0.18322303311206412,0.6848614135439415,1.175453048575829
0.8266645000165378,0.03977207434801595,0.017541819071839763,0.08068882023411683,540106422,0,0.1733354999834622,0.5099246788288591,1.5899697276894347
0.8830224741549199,0.07439752406339273,0.014924529040860657,0.044963423864965615,539690923,0,0.11697752584508014,0.596080677070784,1.456938832669288
0.9912363392224878,0.05233785911790748,0.019054398046114834,0.0845799278491868,524649322,0,0.008763660777512228,0.5904393973939266,1.650851598886962
0.8325855037418224,0.049749730412548564,0.018396661872214042,0.05636251749158398,502217939,0,0.16741449625817761,0.5669321590944751,1.4431254881832352
0.9070398744137911,0.061876793884615644,0.02158077978591389,0.06298929442505913,533268446,0,0.09296012558620892,0.6791227712567404,1.3162239186489795
0.880592779694724,0.05092844901141115,0.014161102243660326,0.05256513741472989,492917570,0,0.11940722030527595,0.4869358409188511,1.7720452162727451
0.8695973256886979,0.0543693816974635,0.022460094239963996,0.05947261584668216,597417132,0,0.13040267431130215,0.6666794115891339,1.2850949959398201
1.0,0.04046671391741288,0.019077373211720754,0.06418201236664894,487316196,0,0.0,0.5434143199040666,1.8069644460471281
0.7197966049693469,0.06884586305934609,0.022100472452259205,0.07604124542030637,430606572,0,0.28020339503065306,0.7173929012825685,0.989556818192991
0.9584992022856658,0.03880330105373857,0.017086206711942088,0.08643186422678477,468355986,0,0.04150079771433424,0.496937338453796,1.890764655862939
0.9723640255568491,0.04153643345009127,0.022315923976337925,0.06731428304621194,473034749,0,0.027635974443150912,0.6124642133271236,1.562120367305104
0.8905819224885838,0.05006422269810938,0.009347167600963997,0.0916514263761761,439035776,0,0.10941807751141619,0.3872002428117175,2.2421484845635935
0.7284504027236789,0.062276689924732925,0.013738032777934405,0.08735239680419422,511692401,0,0.2715495972763211,0.5238674152576198,1.364478111802651
0.8209110230228915,0.0570945181713904,0.017038220221739734,0.07637101861504966,536141344,0,0.17908897697710846,0.5691424771203563,1.4174595293107666
0.906620154836438,0.05043602446372454,0.0189707028455983,0.10003649707363875,500759147,0,0.09337984516356201,0.581158154766864,1.5336338465871
0.7006187845926601,0.05309820710227028,0.016762290971824204,0.09514990298674972,542238718,0,0.29938121540733986,0.5476386478455652,1.2564028467171315
0.9007135217854408,0.06639116805444067,0.023653820595332622,0.08378959642442162,441027016,0,0.09928647821455916,0.7386410841244151,1.2031313013483416
0.7093008410861508,0.047231867001110796,0.018329613845100297,0.10202645915471524,475858620,0,0.29069915891384923,0.5555197449064491,1.2542459347789645
0.965325489652632,0.04542903743413729,0.018457586057720902,0.05845247846030484,470116615,0,0.034674510347368015,0.5508678708909672,1.7211281653897614
0.8807252359151445,0.05662881268667413,0.028747919521027104,0.08291042395536481,432153221,0,0.11927476408485549,0.8014736411672386,1.085340535089092
0.9164268653235397,0.041724097793512806,0.01599980717801177,0.10479168012883124,477017161,0,0.08357313467646033,0.4868925347342866,1.8443160266305854
0.9172514839190979,0.05655900776529761,0.013158424805835948,0.08695123227607104,449577563,0,0.08274851608090206,0.48940452717790944,1.8366903662295664
0.8823985368768764,0.034441043537963734,0.024608250559622298,0.04284197097203426,497124112,0,0.11760146312312358,0.6299291853443009,1.3789002862904587
0.7317131003376126,0.04265408423201951,0.021403182022450683,0.06369248743367759,471680270,0,0.2682868996623874,0.5986799773770917,1.2021310500317295
0.8911551067246999,0.04749166983544953,0.014258683556236908,0.12093724391439116,543808458,0,0.10884489327530011,0.4751403504665363,1.8369016427261071
0.9730429253172775,0.054770408272231216,0.02618065360903109,0.1140502931625921,464763578,0,0.02695707468272246,0.7426947052695467,1.2927458084999046
0.8186313477494274,0.0573264007721558,0.025195558937101344,0.06272234078820468,561737595,0,0.18136865225057264,0.7332167818306501,1.101470483124749
0.765383125683528,0.05647195939702741,0.022527350795833134,0.06035411931490641,358046067,0,0.23461687431647205,0.6764348535047724,1.115012039053181
0.8303405548731244,0.03937606471853121,0.014551834813288058,0.0637799827274231,531866234,0,0.16965944512687559,0.448540955139886,1.810831825523228
0.9119707242743469,0.049442309223422944,0.020994740733982473,0.10872670811411958,455611524,0,0.08802927572565311,0.6176640515733413,1.4529599424857056
0.7397864505634327,0.050488600703257044,0.015217818115909956,0.06095367238522406,505526765,0,0.26021354943656727,0.5063107651312273,1.4328317372491857
0.8522654700904368,0.060760071385985985,0.018201851637737687,0.06013282600836099,397482127,0,0.14773452990956315,0.6070773182986977,1.38113238781837
0.7867620435643751,0.051132704105377645,0.023522532699123615,0.052542810970378724,477318180,0,0.21323795643562493,0.6749814704039829,1.148588797738375
0.817902362249133,0.0484147042697303,0.027668638549582496,0.11906518275053136,604896966,0,0.18209763775086696,0.7470315880705711,1.0804071786934306
0.8260794119627306,0.04571884839034088,0.026019422185844084,0.09106080171704717,399627156,0,0.1739205880372694,0.7032638372782452,1.1581680842182889
0.785320511768545,0.05381935452231554,0.017247315752542083,0.07628308495614505,565558374,0,0.214679488231455,0.5602237331401039,1.377214707363981
0.7698703992084067,0.05351448207541583,0.015240407699888821,0.03869833907487359,467131372,0,0.23012960079159328,0.5188660822994398,1.455700081693861
0.9682315235793213,0.04678364948782618,0.01278072591933229,0.04065860592825696,583933733,0,0.031768476420678704,0.44274911633795055,2.1385608246148258
0.7056094319468385,0.06088748619704186,0.022413439436046064,0.05652240071182055,557214653,0,0.29439056805316155,0.6918187335090887,1.0054012500048213
0.8455561840882705,0.057348777860498176,0.011967114496306604,0.08585430964283707,525007151,0,0.1544438159117295,0.4687374013681248,1.766221276365413
0.7693530951266077,0.055159392177040995,0.023255681209118285,0.10148636025431124,438540820,0,0.23064690487339234,0.6857511928905297,1.1057876766697239
0.873181988551713,0.049786327056515645,0.01493052023853731,0.08465573485880327,446490421,0,0.12681801144828697,0.49775571299680876,1.7196891461804211
0.8923843342332226,0.06661259214547871,0.01891491474787815,0.09758834082274806,408945696,0,0.10761566576677739,0.6447486635394779,1.3629418186348332
0.8212566327370352,0.0542406104446409,0.02694168889104224,0.07675752049040284,580476033,0,0.1787433672629648,0.7557962195994083,1.0724218946479502
0.7782196502811335,0.06218761851697317,0.019642003740709665,0.04908540426618534,442315385,0,0.2217803497188665,0.641590548882086,1.19433845628409
0.8312690434440655,0.0539348538542175,0.021066468536864693,0.053290368618002175,529628363,0,0.1687309565559345,0.6370687861541638,1.2846687419195275
0.9395659929147662,0.0456254169967659,0.023464593115158056,0.10772698794525687,552694577,0,0.06043400708523383,0.6517935302902247,1.4197267726427099
0.8370971430667192,0.06108182816737517,0.01405294053566336,0.06540795060385181,496868021,0,0.16290285693328077,0.5253861233827679,1.5635391103856582
0.8708844217743911,0.030017993154678926,0.014640713834799222,0.09167088606023775,470505262,0,0.12911557822560893,0.4128862493147002,2.059382217288184
0.7696687386598345,0.059531366339132454,0.02781444384254099,0.10072175302092512,529392794,0,0.23033126134016546,0.7944143422073496,0.9568063350882438
0.8867344063382749,0.04247843594409417,0.013519416678750527,0.062295026277515556,467467008,0,0.11326559366172506,0.44030207735138727,1.9691990131467314
0.9016300759668118,0.03955190805978967,0.012344462487221389,0.04447976491903196,454970482,0,0.09836992403318823,0.40509688198358645,2.1720955157703727
0.8852011560042665,0.07644343347017035,0.024380233962648972,0.08120171989230328,477011769,0,0.11479884399573348,0.7933784131336609,1.1018483214547021
0.9029704539616837,0.04847530163619456,0.016612176738321726,0.08060062958328164,424405829,0,0.09702954603831626,0.5261447413112128,1.6841915706444313
0.9805929043145308,0.048887739386513,0.011107062079967416,0.06243353845640522,514544852,0,0.019407095685469167,0.41769219914540034,2.2927537754345706
0.7978531113758273,0.04533963498131758,0.01791316593197458,0.12191687003618318,537122945,0,0.20214688862417274,0.5396218585647619,1.4516400666073879
0.8903237212414276,0.07601683114180395,0.016421200054446243,0.0687878472630538,514828846,0,0.10967627875857244,0.6324913256561406,1.3857365627966876
0.7838215245158141,0.05183359919779156,0.022043264057403353,0.06040557550566386,534011018,0,0.2161784754841859,0.6481996779392333,1.1908567426983436
0.8493621886946706,0.04448141854107553,0.019930811269528816,0.07345965364780457,519771049,0,0.15063781130532938,0.5765418995548784,1.44808442387363
0.6866612105260568,0.057542913298135746,0.023010591601962418,0.07057472518594961,534161150,0,0.3133387894739432,0.6903834852317914,0.9804074839069153
0.8713640212695407,0.028481845986706954,0.02241033363667693,0.07234365620774062,566020700,0,0.1286359787304593,0.5621340566803664,1.5230067343401388
0.9414258251612017,0.05201099046714968,0.007188331706023447,0.10097414252833127,477260264,0,0.05857417483879834,0.35181059598906766,2.6019852254123794
0.7690316499791866,0.0466522466789346,0.028499786872881905,0.08843092167073123,466038467,0,0.2309683500208134,0.7566047241733764,1.0031658111791928
0.7491292836531964,0.05330880232214457,0.01936225439811233,0.09206495001142788,553767170,0,0.2508707163468036,0.6004802972508249,1.2271145965344816
0.8998279945877998,0.0424320491143054,0.02670230525895174,0.029355078295606296,542344105,0,0.10017200541220017,0.7037743016362564,1.2606617981693007
0.8620241409169502,0.05190499679779067,0.024426157414944957,0.12615832501232221,559212832,0,0.13797585908304977,0.6961431354900618,1.2207498700935573
0.7254696661180877,0.054098186569285125,0.021246542978208646,0.07719249882189327,528868176,0,0.2745303338819123,0.6413236058413134,1.1138390496088346
0.8934048034868771,0.04464764788439432,0.02468785068813279,0.07057750696364243,531666341,0,0.10659519651312288,0.6723476053002331,1.3093103816108196
0.9006345454204409,0.05260321838771221,0.02097053815476679,0.07609219297645953,492923712,0,0.09936545457955914,0.6298236366461847,1.4076293744653914
0.7792914051039094,0.04980362201073319,0.02212943603096518,0.09425424057722663,554865009,0,0.22070859489609063,0.6418032086622364,1.195593078934561
0.8284889047556135,0.051943843015773365,0.022553960442637973,0.0888954761566319,502278194,0,0.17151109524438646,0.6588545809158529,1.2386682074019373
0.8785690057209397,0.04650742295681572,0.023006033744645576,0.08280719739696094,465090016,0,0.12143099427906034,0.6461503667201745,1.338975104308094
0.7748096170938116,0.05586364018755094,0.01882796099841839,0.06390067038294878,504994347,0,0.22519038290618842,0.6000137807185716,1.270151005738128
0.7531187040190035,0.048523974137013315,0.015406567442569529,0.05521894594946715,456076309,0,0.2468812959809965,0.5022272453994439,1.4702824006007493
0.637922415328559,0.05840620026504553,0.022761499688397618,0.07715706926118908,457191507,0,0.362077584671441,0.6888547948281345,0.9128111018905433
0.9181946667836979,0.06628396623128538,0.023431592284783503,0.0987583107502131,496088467,0,0.08180533321630212,0.7337677106208116,1.2345180540538587
0.7600286326529704,0.0555623000940066,0.027689659592062765,0.07193848021869939,496946216,0,0.23997136734702962,0.7760423922172817,0.9669053987140169
0.9408452512144478,0.04307094802204093,0.023022576631776835,0.056439182652472386,473097612,0,0.05915474878555216,0.6327353247237004,1.4638144427784472
0.9278043559701383,0.05194607455237243,0.012256908505681268,0.06480593765039426,500969061,0,0.07219564402986167,0.4529224683231151,2.0042327159686284
0.7862483795623618,0.05468774256075024,0.02216479912680348,0.0862626428002631,529215708,0,0.21375162043763818,0.6620469527790706,1.169930726284885
0.9101109698697432,0.06854092566334188,0.015742967828698433,0.03566362321291871,455108496,0,0.08988903013025684,0.5890230592273362,1.5193254347231155
0.7637804177656555,0.04852997998371512,0.016997882171306475,0.10499237810593334,520985280,0,0.23621958223434447,0.53407756336099,1.403807966363235
0.8606375739317501,0.03927256974260194,0.01902651351941659,0.07307146987986202,529369584,0,0.1393624260682499,0.5376205493587396,1.5715947382536166
0.8139947622816605,0.059960476858058165,0.028367260451492685,0.08871950779000091,493741278,0,0.18600523771833954,0.8071871164620864,0.9960934844466872
0.9386962864466326,0.04985547729121721,0.021914944923704643,0.09699223977032426,531798387,0,0.06130371355336739,0.6377208076389618,1.4492297844627218
0.9662827261725854,0.0490166037320525,0.020923702894478622,0.06997195706228727,515349053,0,0.03371727382741463,0.6145404728177825,1.5471899231973563
0.5024241325525296,0.34070377595256146,0.3149553997124461,0.055668383917285805,276421530,1,0.4975758674474704,7.661923098059169,0.06548868205934338
0.8323224320373421,0.0558857840442061,0.024436454186333712,0.05326549122248139,442179209,0,0.16767756796265787,0.7122722199034986,1.1523666688281975
0.755339318986738,0.05307406697809101,0.022823029629468,0.08933090622900254,410942079,0,0.244660681013262,0.668756860501724,1.1128275277076474
0.8447136161082146,0.053231677141847816,0.02277756323171124,0.07793137551419432,525041579,0,0.1552863838917854,0.6684779732016161,1.2450125862187718
0.8252362848548808,0.06938928999058286,0.02715683390915592,0.07369826537611783,490090216,0,0.17476371514511924,0.8206938381454498,0.9934301266724775
1.0,0.041125078221979,0.013306971001383757,0.10307180686633852,430275246,0,0.0,0.43063973291559116,2.2694276645986435
0.9068767974562792,0.052832878715461426,0.02378394339993491,0.1055078147599803,427819786,0,0.09312320254372075,0.6870103828605438,1.3010951052614734
0.9113947783322327,0.0563517180168197,0.015914556844659047,0.049053920221232686,468505772,0,0.0886052216677673,0.5436980089604597,1.6460141874870216
0.7928518865578905,0.060098170893426346,0.016918192959802614,0.047374483690781094,489143446,0,0.20714811344210948,0.5787565427697576,1.3466549056558808
0.8269073088863889,0.053918040054025465,0.020716942336711255,0.037425318111703756,483796591,0,0.17309269111361114,0.630011006950327,1.2920204495023122
0.8645493004046796,0.05428816500330573,0.02548234616905442,0.08142507499821786,490586933,0,0.1354506995953204,0.7267995833943113,1.1733846216658361
0.7209827303048278,0.054137990974514986,0.019093879133909485,0.09390405800167999,558925634,0,0.27901726969517215,0.5984295465762497,1.184989674419884
0.9002676407411424,0.05599928729996205,0.02424551055371572,0.09669502652649764,479910248,0,0.0997323592588576,0.7089073602741627,1.2522721152803555
0.8158495144042064,0.06029960817581161,0.021556543367214423,0.09488371420630069,541888211,0,0.1841504855957936,0.6723293000475349,1.195682955938386
1.0,0.047751440181919215,0.01975551408262947,0.07910213939754926,457716344,0,0.0,0.5861160423802663,1.6775257314113576
0.9026835418138264,0.03909033569784802,0.02267408668172955,0.08279774465678255,507346764,0,0.09731645818617363,0.609843076425983,1.4563097921795018
0.8455532263271636,0.03436809191303343,0.014311571647875918,0.08222745203680105,399003633,0,0.15444677367283643,0.42370380060965207,1.949609906896319
0.15487749780769225,0.1564142638182319,0.13654472215314845,0.17213623755642626,91575673,1,0.8451225021923078,3.356551498335896,0.046004790921585194
0.8649413411581662,0.0597519762978243,0.021206609674583904,0.03645869907114291,506932259,0,0.13505865884183377,0.6631400986829753,1.284935101697934
0.3862883940461602,0.3132441599637706,0.22253138627986818,0.07457370043863405,305783673,1,0.6137116059538398,5.7036043654524455,0.06760853033189866
0.7784314158224397,0.05895038314076116,0.017252298627022326,0.0962159729118342,479028262,0,0.2215685841775603,0.5808475051034911,1.3174827837956122
0.9718499261815725,0.06542109952567876,0.013717465528603718,0.09022999150723723,542835124,0,0.02815007381842749,0.5360337086747894,1.7798350371815483
0.876154189901133,0.052935579321666294,0.018501616759966064,0.08641571451865368,540445963,0,0.12384581009886697,0.5817746524859865,1.4805537652221101
0.8544579929830955,0.05067855510527403,0.01778477989435759,0.04914396969580708,554803495,0,0.14554200701690445,0.5584098183082479,1.5032428460264986
1.0,0.05075433638901593,0.024476777153813,0.0637397125547974,533597230,0,0.0,0.6925528886323237,1.4233803834281056
0.8955813824185763,0.06056056809066052,0.02567810073591472,0.10233667551059908,497423853,0,0.10441861758142368,0.7558042870809365,1.1694650937935058
0.7843454145318631,0.03354601253043109,0.025700745192606334,0.06610799261673711,408182010,0,0.21565458546813687,0.6481989539738511,1.1916539973155649
0.7927757032592025,0.059638791167949096,0.010667300243196919,0.09558698007810665,513829075,0,0.20722429674079745,0.4519011695357348,1.7163318812464488
0.8956478934874528,0.040405607632765204,0.01843235156913801,0.1125833272980189,603753251,0,0.10435210651254723,0.5302694619138211,1.6577799720805217
0.9167137723639123,0.04690790922950137,0.016150019669012715,0.0863271664307229,536547948,0,0.08328622763608773,0.5106320302982598,1.7607709841416117
0.9263201410794561,0.04281592734430803,0.024411665311617047,0.11334448223102275,539892188,0,0.07367985892054385,0.6594970156095731,1.3836060796119414
0.9662707581694161,0.05441940649569409,0.028520527581277457,0.1034343582943232,512062012,0,0.0337292418305839,0.7880881776083255,1.2107318279855899
0.6909944868319285,0.05850221742113493,0.01774905367574294,0.07502942763851102,484719044,0,0.30900551316807146,0.5889899431993986,1.1535994797193154
0.8917553252493517,0.06594505063224973,0.019483726199254762,0.07778669262885342,474260866,0,0.10824467475064825,0.6534547265140942,1.3441087833299317
0.9097834884098609,0.048250402433045916,0.01808014364023824,0.08433249950809238,451293907,0,0.0902165115901391,0.5546044825369485,1.6113642674636814
0.8088906466130645,0.06238283071433636,0.016081171672068018,0.07224600167182878,524037228,0,0.19110935338693547,0.5711547562987058,1.391867893785774
1.0,0.04448814283671467,0.024840923302664304,0.06745373108097394,432374565,0,0.0,0.6747710374001448,1.4603421368355154
0.8796916698697047,0.05766080278384691,0.025106916477146992,0.05776839500972898,520527504,0,0.1203083301302953,0.7327815406783275,1.1843208557207108
0.9039855593733283,0.031181509545023613,0.012416787252896045,0.0658042201553293,503784747,0,0.09601444062667175,0.3730617832380153,2.359894927998174
0.8259117043528569,0.04961491530499293,0.02076177436016861,0.08448432808581587,514982384,0,0.17408829564714312,0.6136951484233439,1.3242233909317744
0.7810972638937389,0.051845513031970374,0.027218160017344072,0.06929366574864682,477068068,0,0.2189027361062611,0.751745252474763,1.0254048336449817
0.8878873944508145,0.0545353430151398,0.02295907066870689,0.10989876454906472,563594621,0,0.11211260554918545,0.677322785434697,1.29180555812546
0.9330031955406319,0.026370675644581617,0.024242154411026423,0.10518466479573599,499594339,0,0.06699680445936806,0.5903257907988549,1.5541614400725352
0.9379021481589752,0.058177662992002874,0.02897605677956161,0.08898947825664613,412714628,0,0.06209785184102479,0.8122317875592437,1.14067853171074
0.7808807384256147,0.05955305208570511,0.026223397903683936,0.07877992056289233,513280849,0,0.21911926157438533,0.7626801664164992,1.0106131519424755
0.854737474721159,0.047045985898609706,0.02427262613533308,0.08728280592109323,607746433,0,0.14526252527884098,0.6736364663011004,1.250280692815908
0.8900733750099504,0.0651344974324213,0.020429465031466653,0.06408885864118236,479128480,0,0.10992662499004957,0.6691272903590183,1.310613470619648
0.8075202435998545,0.05427194361871685,0.017304386484255106,0.05133696370950576,523968047,0,0.19247975640014547,0.5631755041599695,1.408853375168805
0.814821515338066,0.051467930119855496,0.016822210792977983,0.08840383085789984,404296996,0,0.18517848466193398,0.5423159363389816,1.475281558484622
0.8897371322408986,0.06399355436586002,0.016624108625128094,0.04184384884245218,456825319,0,0.11026286775910144,0.5884563899660019,1.4867200804580667
0.880415828080477,0.03495279625968998,0.013983995723054279,0.059148446106588475,415466418,0,0.11958417191952297,0.41949109949984553,2.0499047107279895
0.6800883420552154,0.07157308213265504,0.021718939407749428,0.0842514806126443,466657564,0,0.3199116579447846,0.7206711166856087,0.9307721716716525
0.904556237703597,0.03934886336924628,0.02419470250234806,0.07892190301988522,443625195,0,0.09544376229640295,0.6412895035239463,1.3888696698001348
0.8597607851716289,0.057421274910718925,0.015978421201700038,0.07977815992102796,533442006,0,0.1402392148283711,0.5492535236768765,1.5373363756727592
0.8117874042587907,0.020786495165053927,0.01771349172456605,0.09208241779177036,509812047,0,0.1882125957412093,0.4374158151515367,1.8143913933481404
0.8596236505369519,0.04677320161157864,0.02405698277245796,0.0755505020644347,527045425,0,0.1403763494630481,0.6682324618954738,1.2674469283504057
0.9197965862624116,0.04608351432578209,0.01766752310385901,0.10460444351301576,489718607,0,0.08020341373758844,0.5376845193803086,1.6794277612650774
0.4866414540910873,0.34710461250615454,0.3374037958014445,0.08683320463905253,299588788,1,0.5133585459089127,8.136494366053508,0.0597363027855178
0.7761413403111277,0.02296767707000763,0.02877737849157745,0.0682814465336449,555196677,0,0.2238586596888723,0.6674182781115796,1.1457342758373092
0.8438318632468716,0.05104201103951876,0.01840076238372578,0.05365736160106831,475791302,0,0.15616813675312835,0.5721832918325906,1.4494264522615656
1.0,0.03853654606981312,0.02273559557587605,0.09479306303449343,445224030,0,0.0,0.6088580957967735,1.615879321595543
0.8760906417793695,0.03999668675394426,0.025408833638364145,0.06856507916087877,525507873,0,0.12390935822063054,0.6681634197830599,1.2918577089569725
0.7393760215228531,0.055925269492011834,0.021700256472844452,0.07286653731640258,440290529,0,0.2606239784771469,0.6577062074249365,1.107337348823395
0.8284100051765303,0.05619154261005198,0.016966498526173518,0.06053242323945931,486122787,0,0.1715899948234697,0.5640961409636782,1.4429813163104712
0.7955158674020095,0.0205961136533572,0.019656829769572656,0.05795460519088289,495947701,0,0.20448413259799048,0.47552105000488193,1.6384786352600171
0.8577662039478432,0.04928398740585936,0.0216337238230116,0.043640415492256904,445068978,0,0.1422337960521568,0.6298104260836694,1.3406568086086037
0.5299160903820517,0.298401685807641,0.24318456938447217,0.07722975510785551,304016901,1,0.4700839096179483,6.057298130920008,0.08733971513308486
0.7814273954866974,0.063920022863446,0.018212772885947866,0.09044285091867872,474539331,0,0.21857260451330263,0.6199355491727413,1.240487850722033
0.8821369377679154,0.04026931059118445,0.025563441874949626,0.05289104993775422,559774032,0,0.11786306223208465,0.6723460798637304,1.2927998911404088
0.7714793079161639,0.06213097699979184,0.014563770305685987,0.0616745179887255,398910068,0,0.22852069208383607,0.5397993141128871,1.4032016557913722
0.7719301397618133,0.043459243168725764,0.017670972154409187,0.10505685268854967,488204173,0,0.22806986023818665,0.5272564157630868,1.4368002263228632
0.8657216935761176,0.05521122428379339,0.017355111459679926,0.08098616663040445,493832796,0,0.1342783064238824,0.5679471263287721,1.4979254228243044
0.7983904196315901,0.05346503881730716,0.024631077011207963,0.0938544551023372,552699288,0,0.20160958036840992,0.7064816954933879,1.114320749090174
0.8105599252272934,0.07492999517432791,0.024894290253908977,0.030243826869298412,478484534,0,0.18944007477270663,0.7976057857754912,1.003657897830642
0.8554850379844822,0.05421920754235285,0.02009808328846995,0.07924858710041037,500114396,0,0.14451496201551783,0.6188384959388104,1.3604209085630246
0.7836803991262342,0.04331909546356952,0.02525973808861459,0.08677105752571829,478820070,0,0.21631960087376578,0.6784711436265699,1.138290843967901
0.806406473055284,0.028273304539859642,0.022499320618701857,0.08562018500563613,520481805,0,0.193593526944716,0.5630796305334758,1.4071455869136476
0.9426488698800054,0.04060664606181246,0.01454149561930343,0.07995192318162292,470223253,0,0.0573511301199946,0.45325649663331846,2.0348314092314617
0.8707906235398739,0.0482692817571613,0.018883988726825975,0.08864525901268311,424054458,0,0.1292093764601261,0.5707569015651648,1.4994064146169521
0.42881201589886486,0.24476252471404925,0.27924002507141926,0.10243723009588504,314873035,1,0.5711879841011351,6.5638506002845824,0.06522996063833601
0.906720300607081,0.05645215585950057,0.014717211786198735,0.09537679351937794,515452372,0,0.09327969939291902,0.5201528591619771,1.7102997464549212
0.8967142548260771,0.04190396480078354,0.017368760717412893,0.03607744357800107,461411402,0,0.10328574517392286,0.5149910735513921,1.7080561937179235
0.9739947524014031,0.059640871682883574,0.017131991135515494,0.0888600426089475,480587847,0,0.026005247598596903,0.5812033094418442,1.6474785185505014
0.9938149221479617,0.049734787407509404,0.021288762700713754,0.03844376360287607,535570528,0,0.0061850778520382566,0.6247144036443126,1.565767085860691
0.7421451662315429,0.05738810480887503,0.014705462064716998,0.04723941885127966,501310237,0,0.2578548337684571,0.5236616605298401,1.3906660738841765
0.9270700903395457,0.060225704320096406,0.027902703432841867,0.05691274663534031,478361305,0,0.07292990966045432,0.798956885937223,1.1460067977114525
0.8019489048064956,0.05613517972730417,0.02104829707637313,0.06980386613618235,579926905,0,0.1980510951935044,0.6455066604366793,1.223403137158455
0.9517244075995327,0.04568379687281952,0.018682758919588753,0.07832564080301577,512565832,0,0.048275592400467304,0.5563903658830531,1.6803329733826058
0.7503408977030409,0.053197819341425374,0.013184129977035948,0.06764716646132607,378680396,0,0.2496591022969591,0.4764738769064204,1.5424073795587976
0.8522995858347854,0.06173124637586642,0.017150835358806207,0.11338139051652663,448629822,0,0.14770041416521462,0.5899416926795898,1.420637365654752
0.865724382120926,0.05896839315865532,0.018393786169410443,0.08195340753496672,459802579,0,0.13427561787907405,0.6037492960228301,1.4105505093544302
0.907403380463677,0.044169225614310616,0.01912822871048582,0.07804169507114192,471922112,0,0.09259661953632303,0.5592414766669589,1.594057034945406
0.9201889832460537,0.05516178287114959,0.020466861871383257,0.06903599403666455,503468490,0,0.0798110167539463,0.6299843689122635,1.4378304032800586
0.7897011068514008,0.05853415558780308,0.022331791872231672,0.07168066144105283,464401338,0,0.21029889314859918,0.6807724597958458,1.1432145211533085
0.7596234516273905,0.06772251596669744,0.013707475446623329,0.10902002876262673,597259753,0,0.24037654837260947,0.5450395727992563,1.3685933199255451
0.8681967947683303,0.047024364966400084,0.020823804206182583,0.09693541550432988,530944314,0,0.13180320523166966,0.604573543989252,1.4126816932808188
0.8772921579853314,0.04937406872100478,0.020758789961243702,0.0955205582768695,451687684,0,0.12270784201466856,0.6126720741088931,1.4089152131012548
0.9763370252405913,0.05895193220027733,0.020006027376811123,0.08972072578835275,364780418,0,0.023662974759408706,0.6359282763373317,1.511525444863333
0.8086169239919702,0.04868743032907696,0.01860558302924622,0.07200201875737726,492084726,0,0.19138307600802984,0.5668613819012323,1.4017525689220398
0.853791893705313,0.03405296932733205,0.018524550428810467,0.11188884783498393,468120622,0,0.14620810629468695,0.5067028858855376,1.652384604436773
0.9563322024105945,0.052855540748576575,0.0169570513838015,0.11780881370311566,448509407,0,0.04366779758940553,0.5505631906703362,1.7060203351329353
0.8043402965000419,0.04329379790923355,0.017434018177433022,0.07697401559534955,617182702,0,0.1956597034999581,0.5218555551855947,1.5123284671142747
0.9751714924651205,0.0371700777581143,0.02098657853702798,0.11263713798178218,492754771,0,0.02482850753487953,0.5684118817730168,1.685946508353025
0.9286152787156411,0.03932197078420807,0.021711689172448107,0.07681275535708187,501700404,0,0.07138472128435891,0.5915216665857944,1.5437769415462836
0.8538467957329106,0.0654324352827219,0.023034252966078354,0.12135812676327104,538193017,0,0.14615320426708944,0.7224148004524547,1.1657967523395765
0.7970570828185289,0.05568983079185276,0.017964818435366098,0.08369420949562167,572663773,0,0.20294291718147106,0.582055691874733,1.3462535598545855
0.9125458297421848,0.05015579047581468,0.02744931719301041,0.08940088374736405,368463493,0,0.08745417025781521,0.7496095057634669,1.2013354530430802
0.7990090298154786,0.038063631682435206,0.0144756860346874,0.10592126123562792,526551304,0,0.2009909701845214,0.44176824742348886,1.7686259146639078
1.0,0.04196325432030269,0.013944140353596094,0.05439088857995067,421848284,0,0.0,0.44673582435313264,2.189449451258358
1.0,0.03812401580970488,0.01820829923989389,0.05899718520795709,380402189,0,0.0,0.5166620480366974,1.8987508284066081
0.8247784604287723,0.04705050321707972,0.017649789261202493,0.09471243994491493,502274573,0,0.17522153957122766,0.5411977980923688,1.4963384528806796
0.8422629510503686,0.04879618836046402,0.02766183862339058,0.053683683671449864,529626515,0,0.15773704894963136,0.7484215259096676,1.1105472646496153
0.7650157029019116,0.06613711269058647,0.0233643061798341,0.045375973931101495,553518258,0,0.23498429709808843,0.7318345743590279,1.031248379819602
0.2720572039706595,0.13226145633594316,0.09842974517270806,0.22873796165647053,84412130,1,0.7279427960293405,2.4976407287979336,0.10849130054649946
0.7412115087216065,0.034291238479315006,0.01791902797557373,0.10650864218190156,475173413,0,0.25878849127839354,0.49554551342873465,1.466161777788367
0.9903835345587492,0.06899881934895216,0.02011951521642478,0.1070440535773429,475794075,0,0.009616465441250832,0.6783855817243042,1.4387046458439539
0.8300828681216741,0.04635047270457115,0.018853046279659863,0.08851687317259659,562770180,0,0.1699171318783259,0.5624628164114819,1.450020585310849
0.9071200395273673,0.05940771187988216,0.027667168506481626,0.10661149808078081,517973789,0,0.0928799604726327,0.7909742176491612,1.1325208971017087
0.8637094624951976,0.0454111573713106,0.01795358780943448,0.08313945921936869,538293913,0,0.13629053750480236,0.5407163856739321,1.5683380501530644
0.9916640508508408,0.04824114187567664,0.02227370456070567,0.10607015863869518,487361837,0,0.00833594914915925,0.6384386587168199,1.5293105022658913
0.8706040312578212,0.04376231039304195,0.018356907621255077,0.08901206825725078,489982371,0,0.12939596874217885,0.5421873939972693,1.5766459733090654
0.7176114662507385,0.04596351536758003,0.02535771576117443,0.08533636792590804,354287200,0,0.28238853374926154,0.6910083766938087,1.0236845808251758
0.7828625981421888,0.04974445929008555,0.017618895632276706,0.06888906441026267,573109796,0,0.21713740185781116,0.5513557498058763,1.3945926418548529
0.7214842943793942,0.06726963851233406,0.02996257676584059,0.07277378876065418,457742302,0,0.2785157056206058,0.868330089366148,0.8214272778700518
0.9342913437286271,0.03169367103143543,0.019245811442166524,0.07103550767399701,479655737,0,0.0657086562713729,0.5116909129690722,1.7908905838733966
0.7478601139343752,0.05671340076450466,0.015366508455763445,0.07518669650939575,513213413,0,0.25213988606562476,0.5341837721732875,1.3742786025163387
0.8075599081911577,0.03804116937964816,0.023416644964055346,0.07090904562513112,505372218,0,0.19244009180884225,0.6204975767996996,1.280829519266667
0.8052862522182729,0.024697124772536706,0.01941885478439021,0.09920609592562941,477572858,0,0.19471374778172712,0.48716559477795096,1.6197545861513964
0.855927582433582,0.052825799504882996,0.018152365355833207,0.09778074244559784,534793191,0,0.14407241756641798,0.5743505051361961,1.4647503080947772
0.8064493820379853,0.06727543170100711,0.005,0.04260516600609159,466067846,0,0.19355061796201467,0.3691017268040284,2.1272638055137865
0.8016811850627343,0.06226933223884308,0.030442213864349626,0.07928348842587074,488446526,0,0.19831881493726566,0.8579216062423649,0.9236792577771902
0.857946584434338,0.039758131756707955,0.01885100184712403,0.10559037339520318,517417086,0,0.14205341556566198,0.5360525639693124,1.5711794816928168
0.12587926068409724,0.137140364192504,0.1279863520343826,0.21518472966382138,104238894,1,0.8741207393159027,3.108288497457668,0.040368061129278536
0.9703194390866151,0.04495225078771783,0.013837383426157455,0.09180844122502926,583267595,0,0.02968056091338489,0.45655667167402036,2.0797461444610312
0.5394803983511691,0.06501685045168788,0.027052738000306407,0.5772151314105531,409767334,1,0.4605196016488309,0.8011221618128797,0.6651037584097271
0.9012674289013608,0.04118125348772282,0.01379119712259188,0.07359404390926716,655645510,0,0.0987325710986392,0.4405489564027289,2.0003762434547765
0.8830345163420499,0.04611823181458771,0.020035315793140884,0.09005568853790388,396829842,0,0.11696548365795012,0.5851792431211685,1.4836446777131285
0.8191934175666946,0.05395803533437409,0.015664348921445498,0.06581117995144907,509062558,0,0.18080658243330539,0.5291191197664064,1.5195035522421112
0.8079395982655391,0.04394285076996662,0.019756738242147746,0.10053972526639465,509895833,0,0.19206040173446093,0.5709061679228213,1.390826338020362
0.7287404708002214,0.05810808273159782,0.0224193832559402,0.06421322988560652,458694400,0,0.2712595291997786,0.6808199960451953,1.0548919761618267
0.8521508671195624,0.05431922544673941,0.0320583833778921,0.06450770059962836,619605481,0,0.14784913288043755,0.8584445693447997,0.9812380630838303
0.8080383786976181,0.04096298139269872,0.018352761068264542,0.08357389433620951,573551734,0,0.19196162130238192,0.5309071469360858,1.493857833594306
0.8275119765691236,0.060701502383164276,0.020387402592594313,0.08056915162366318,497551748,0,0.17248802343087644,0.6505540613845433,1.2527543541775081
0.8297945478885471,0.05169360824036078,0.023401080527252247,0.09330833647383557,497008692,0,0.17020545211145288,0.674796043506488,1.2117396935291804
0.6834456473693022,0.048673662536174264,0.018242928821431338,0.08848133723036902,547763461,0,0.31655435263069776,0.5595532265733238,1.1999680020798125
0.793745885989929,0.041567534046838085,0.02410172006306228,0.08035226503867315,512477409,0,0.206254114010071,0.648304537448598,1.2057426932924744
0.87048237874511,0.03946317580853646,0.01832431109414274,0.07084303227635022,460455910,0,0.12951762125488997,0.5243389251170008,1.6290828495313272
0.7456424399596118,0.05399687951752642,0.017485126147243284,0.09390804949100598,403162364,0,0.25435756004038823,0.5656900410149714,1.2952151102787977
0.8124659478316236,0.05184680305864909,0.012751773901507349,0.05228024115202004,432124123,0,0.18753405216837638,0.46242269026474336,1.7197860402859177
0.8815561713902638,0.06492688568959522,0.021639105864215427,0.0777374389496852,473117712,0,0.11844382860973623,0.6924896600426894,1.2549027003994517
0.8510401513502326,0.033070431858046145,0.011961694864409707,0.05066429618768646,499535571,0,0.1489598486497674,0.3715156247203787,2.2306823002962957
0.7773580739583031,0.0467965269180568,0.02317709015104613,0.07097682283182002,474115371,0,0.22264192604169686,0.6507279106931498,1.1765176881097699
0.9108331724915437,0.054070522871245356,0.020999052168593567,0.05900689002180118,388978949,0,0.08916682750845628,0.6362631348568528,1.409384387511587
0.9305034247371552,0.03830083164289712,0.013771413117768078,0.07901941318323927,489056687,0,0.0694965752628448,0.42863158892695,2.1213780498880617
0.7599608762161298,0.04922162802987198,0.01996739342385271,0.08791639562191847,474381287,0,0.24003912378387016,0.5962343805965421,1.2535760104339826
0.8557252989775513,0.039278609880143936,0.026187190673420697,0.10136758667388032,469320619,0,0.14427470102244866,0.6808582529889897,1.238640915521044
0.8510073920625436,0.04066732040926804,0.011463210212035266,0.08355500212536063,501620350,0,0.1489926079374564,0.3919334858777775,2.1172841327316614
0.8085383825381082,0.07076747983560841,0.008519095234313809,0.057656270765859954,404417972,0,0.19146161746189183,0.4534518240287098,1.744600712776612
0.8351472818668946,0.021514573793699247,0.019313141058003018,0.07334279191234977,513963391,0,0.16485271813310542,0.4723211163348574,1.7315171440411976
0.8038582935545333,0.04917319314157301,0.0193727286999855,0.08869540129113783,491104106,0,0.1961417064454667,0.584147346566002,1.352961177392442
0.9430531001723967,0.039076872353274214,0.01662145960419194,0.09762815057847142,432071299,0,0.05694689982760326,0.48873668149693567,1.890883777270734
0.6938329760381998,0.03668767046442222,0.022310304466259482,0.11006839656857999,510161797,0,0.3061670239618002,0.5929567711828785,1.1507176122710103
0.8915477211392937,0.04984690150827005,0.014853142459089643,0.0569333519358851,515370178,0,0.1084522788607063,0.4964504552148731,1.760384874688353
0.8484787033677849,0.04423489599273281,0.026059719926932002,0.0681237718386259,520210643,0,0.15152129663221514,0.6981339825095713,1.1981895013156167
0.8781644317211437,0.06261921500713992,0.023887036763822558,0.06331436379930751,562656641,0,0.12183556827885633,0.7282175953050108,1.1895739647851535
0.8555841667992015,0.05192049116490032,0.02333156250454606,0.08159195724752073,496593828,0,0.14441583320079854,0.6743132147505225,1.2502815207377203
0.8578140878839066,0.0455671774880849,0.014417377800256705,0.08800962773012658,466375720,0,0.14218591211609344,0.47061626595747375,1.7848211736550097
0.7929723373858268,0.06296994546561109,0.022316031460495614,0.10385470330832829,535920871,0,0.20702766261417316,0.6982004110723566,1.1197004760066556
0.888480738538937,0.04573642403794457,0.022286402023076204,0.10389525723753876,499169482,0,0.11151926146106295,0.6286737366133024,1.3911339821961166
0.7815132939272906,0.05086143883046375,0.019682377126923226,0.07207540643796481,446007877,0,0.21848670607270937,0.5970932978603195,1.287303445255793
0.8480699930311997,0.0631759753560796,0.024451237504182544,0.038270446832578305,452948864,0,0.15193000696880032,0.7417286515079693,1.1281597306820346
0.40506800718339686,0.05233135961995447,0.029329098946615378,0.5761603465133548,396271426,1,0.5949319928166031,0.7959074174121255,0.5026235004563222
0.8414375712036354,0.05753341621104533,0.017099733793149784,0.10177539308433345,442144169,0,0.15856242879636462,0.572128340707177,1.4454502767919635
0.9965167012683482,0.05136535331082738,0.01674988032796551,0.0784866879134834,473363725,0,0.0034832987316517627,0.5404590198026198,1.8103376735032393
0.7522297752886443,0.038209602088401975,0.02167529014542059,0.09206189369897667,448146696,0,0.24777022471135568,0.5863442112620196,1.2614019908011351
0.9094611275218172,0.056153674840130535,0.027408317012312992,0.04427249069290627,484821783,0,0.09053887247818282,0.772781039606782,1.1618333627225705
0.788612194968956,0.04790676322848134,0.027242496149464633,0.05951942818227241,532300309,0,0.21138780503104404,0.736476975903218,1.0564454369336111
0.7272708663411502,0.05455887772081608,0.01438727596877793,0.11983106604409469,447077968,0,0.27272913365884976,0.5059810302588229,1.4094914806777714
0.6404203916728204,0.0599626681944714,0.01691174052282825,0.06533934008952022,477702814,0,0.3595796083271796,0.5780854832344506,1.088992008696643
0.7946473544095004,0.04970737186315022,0.005044320145496384,0.08856372495621152,433269469,0,0.2053526455904996,0.29971589036252855,2.5657300097820297
0.9240942038025313,0.05778361076166638,0.022853064986097654,0.10361281824904289,452061077,0,0.07590579619746873,0.6881957427686186,1.3235460304271365
0.8830747922578961,0.04517256477817968,0.01687827305143388,0.09564260003062919,445392920,0,0.11692520774210391,0.5182557201413963,1.671680511138671
0.8346111228175102,0.051504189051435764,0.02370412172710063,0.08777957458704368,581482106,0,0.16538887718248985,0.6800991907477556,1.209407479398967
0.8592539707434287,0.05268592278863257,0.021702946082002485,0.08415605014706627,402521914,0,0.14074602925657131,0.6448026127945801,1.3122335707798827
0.8910613946490684,0.04803650150915022,0.027262337672353726,0.0828717587301032,480631901,0,0.10893860535093158,0.7373927594836753,1.1922264209043774
0.8666706246358041,0.05800409525227683,0.027581970276267864,0.04621633924065477,395032186,0,0.13332937536419587,0.7836557865344647,1.091998117244457
0.7341588879667005,0.04534689543219947,0.015553795858858379,0.09775007934828119,576724105,0,0.2658411120332995,0.49246349890596547,1.461118846573363
0.8473498421700962,0.06310308746119608,0.01984470533564549,0.06521257185081927,469599692,0,0.15265015782990377,0.6493064565576941,1.2852139300958703
0.8041070394495811,0.06317115067339865,0.014122026971875742,0.07279921462486035,574098038,0,0.19589296055041894,0.5351251421311094,1.4750870530498907
0.8127416197143794,0.051975996046924,0.01618637610716893,0.1065159329508438,429721847,0,0.18725838028562058,0.5316315063310746,1.500543469525548
0.7129492376727298,0.03652873710470304,0.015390700934373435,0.0901117848367175,454966430,0,0.2870507623272702,0.45392896710628083,1.5367637897665511
0.6731091752793692,0.04964358517702517,0.014440164871129181,0.08573911708603418,488923170,0,0.3268908247206308,0.48737763813068424,1.3533161197377999
0.8407481374089407,0.06078680833431296,0.017379558010327038,0.06826937460872129,419205660,0,0.15925186259105928,0.5907383935437925,1.3995245625126704
1.0,0.0556390912005236,0.013712110705426918,0.08316106979840264,487680829,0,0.0,0.4967985789106327,1.9731704894467292
0.9740921580418018,0.05057013124897085,0.022757381376197615,0.09681468964259099,513103340,0,0.025907841958198174,0.6574281525198358,1.4594711870696107
0.9940752346328652,0.04848726716346489,0.017148243167931596,0.04220701415807694,555962245,0,0.005924765367134821,0.5369139320124915,1.817608176436362
0.7728061231535917,0.07056207129940323,0.02286028720857072,0.08505137691993248,517518510,0,0.22719387684640835,0.7394540293690273,1.031158807437762
0.6522684399898169,0.043977879396382195,0.03213358243172761,0.10752992900039075,518510594,0,0.3477315600101831,0.8185831662200811,0.7872093793136113
0.8463531186915602,0.061260502507721686,0.019065519209190075,0.07440013396251041,480716368,0,0.15364688130843984,0.6263523942146882,1.3300069684440023
0.39309341836460565,0.05519352058511758,0.028631353739166195,0.6120328632954526,394475625,1,0.6069065816353943,0.7934011571237942,0.48928659721115486
0.8652879254415923,0.048926978559957715,0.012414131516641605,0.11229557581419702,532225924,0,0.13471207455840772,0.44399054457266296,1.9059602359253531
0.8062512847007686,0.048819314730089214,0.015524650788616976,0.06543845804289358,485839098,0,0.19374871529923143,0.5057702746926964,1.563198432056103
0.7933864427504975,0.054190190093660454,0.017896191031594733,0.06575558472701898,571224791,0,0.20661355724950248,0.5746845810065364,1.356947777525927
0.8382354094798289,0.04662914028881961,0.02287602508053283,0.0531574450302977,467721396,0,0.16176459052017111,0.6440370627659351,1.2816328877983083
0.8050169976607222,0.05197910783462648,0.019030869306135983,0.10076757702038633,471043794,0,0.1949830023392778,0.5885338174612256,1.344981643769649
0.9248542714517969,0.059983108981479606,0.02047672099720654,0.1038341499421413,543071826,0,0.07514572854820312,0.6494668558700493,1.4024272231719912
0.7695186094800238,0.0506447441481012,0.019972019905854767,0.10207754686632516,461874038,0,0.23048139051997618,0.6020193747095002,1.2573435438139224
0.921170463649875,0.0428084668075758,0.021843665736587598,0.07752542107450328,456278217,0,0.07882953635012502,0.6081071819620552,1.4903086237014869
0.904900815229961,0.05633776880932099,0.023720959857499686,0.10741072287993428,499721985,0,0.09509918477003898,0.6997702723872776,1.2749207038305104
1.0,0.03896410682784229,0.02003399922279999,0.09031256176887913,482856056,0,0.0,0.556536411767369,1.7651116137096934
0.8312330293299882,0.05346488475897993,0.024089448290125146,0.09159714570590265,503613948,0,0.16876697067001178,0.6956485048384227,1.1779703685765217
0.8934688153903948,0.055820977034686164,0.03492629501301705,0.030134583593398448,553716650,0,0.1065311846096052,0.9218098083990857,0.9588531987288658
0.8554022563750339,0.049756454077390176,0.026803292979193254,0.07177146785767996,407407863,0,0.14459774362496614,0.7350916758934258,1.1480496750273537
0.8485189491206088,0.04453755551747517,0.018153614303768984,0.081571540594383,511351723,0,0.15148105087939123,0.5412225081452804,1.5393401695000684
0.8746241415113647,0.05513105798176083,0.02977078716875143,0.0999116302800406,550357860,0,0.1253758584886353,0.8159399753020719,1.0589439519397128
0.8801769500051616,0.04713995778119889,0.021073565915852632,0.08924967248133708,511927747,0,0.1198230499948384,0.6100311494418482,1.419568921331608
0.8647868898955899,0.059528745472029396,0.016208589655562048,0.12084152080287489,564046978,0,0.13521311010441006,0.5622867749993585,1.5111075909391043
0.7842223683546855,0.05160573981049865,0.023494142101012673,0.09412157827630263,547059093,0,0.2157776316453145,0.676305801262248,1.14267192104795
0.686861425779192,0.05815737212539297,0.014901678306539422,0.10692451512405496,388476599,0,0.31313857422080804,0.5306630546323603,1.2704056988806893
0.8091986880916202,0.03990269295290062,0.008765553330076973,0.10292881740801456,507904461,0,0.1908013119083798,0.33492183841314194,2.3460349504526725
0.9465207173206686,0.05560919447941239,0.01856276240299822,0.0885868164560347,533545562,0,0.05347928267933144,0.5936920259776141,1.5678867312979337
0.9343041641627923,0.05543298029036388,0.013533635210644181,0.10557731626626787,451512814,0,0.06569583583720773,0.49240462537433916,1.8596647343098145
0.8039489739009781,0.06639964529371394,0.023147647921109054,0.08644164621533972,436500070,0,0.19605102609902192,0.7285515395970368,1.0885482336677856
0.8237870282721785,0.050519458858073,0.014305834411096154,0.08839219944048236,511077923,0,0.17621297172782147,0.488194523654215,1.6535449290565658
0.9195684736084528,0.04354035820875465,0.016823188055871855,0.12099624191571853,581753319,0,0.08043152639154716,0.5106251939524556,1.7662773225154935
0.8789308820038108,0.045322987986881086,0.027113740680499702,0.084505282344951,440538376,0,0.12106911799618925,0.7235667655575184,1.198160717294511
0.9655011683258607,0.0434623366135118,0.0276050311357969,0.09141014416709033,548478451,0,0.03449883167413925,0.7259499691699851,1.3119114189443704
1.0,0.04214010539492051,0.017677978688453062,0.048770135551162816,461045363,0,0.0,0.5221199953487432,1.8792753678512222
0.8189838752051213,0.033375080119643255,0.01846095764430558,0.06543076756639314,415766621,0,0.18101612479487872,0.5027194733646847,1.5973332743353756
0.9701885641676822,0.04832878286213589,0.02112653961020471,0.12544869440893763,472345509,0,0.029811435832317823,0.6158459236526377,1.5502035365275695
0.8685802957728803,0.03676910206592502,0.02115350452859342,0.07250355886756388,462653835,0,0.13141970422711968,0.5701464988355684,1.4971740715771569
0.9157522003500179,0.04506243416838688,0.01841963571986475,0.1163612384511565,505657022,0,0.08424779964998208,0.5486424510708425,1.6392456366225732
0.8443867430833082,0.05319174510419181,0.01771939586262906,0.08362125485542164,395484855,0,0.1556132569166918,0.5671548976693485,1.4630158151530694
0.8770797125995531,0.052005691972309434,0.021860527363034316,0.12249542806033922,510473504,0,0.12292028740044691,0.6452333151499241,1.33857618701648
0.8793278596877478,0.04471383318250243,0.021471120645067468,0.07776982345714113,456086837,0,0.12067214031225215,0.6082777456313591,1.4222214302567455
0.7822565025545276,0.05550052099024552,0.01785377789850669,0.09785907740217539,479168734,0,0.2177434974454724,0.5790776419311159,1.327934463766325
0.7351310279056449,0.05609138120907177,0.01756385717943224,0.06254077819092599,473813434,0,0.2648689720943551,0.5756426684249318,1.2552552393130054
0.6879885930673915,0.06677700814076441,0.020071365339182173,0.10014887946390397,571754369,0,0.31201140693260854,0.6685353393467011,1.0139318516995623
0.7634761597108484,0.03239191188019225,0.01977294391033881,0.09329854324603482,471103961,0,0.23652384028915163,0.5250265257275452,1.4269874912699898
0.8163212415343789,0.047288763989574316,0.02462135069768915,0.054015672731083514,532770191,0,0.1836787584656211,0.6815820699120803,1.1803678508295574
0.7565057569904374,0.04942381202966415,0.01502825312695744,0.06488416999683275,405499491,0,0.24349424300956257,0.4982603106578054,1.4884218600727361
1.0,0.05964851633097458,0.00880884383337514,0.08603400017803471,549689110,0,0.0,0.41477094199140113,2.3542100015406504
0.8308841562506872,0.04283177679397195,0.022744419176586823,0.11424080568035785,470544393,0,0.16911584374931277,0.6262154907076243,1.3059791350357481
0.7716989027374154,0.070574954697117,0.021056418461397365,0.10014266672946319,564563691,0,0.22830109726258463,0.7034281880164153,1.0816770569200713
0.7297485637505515,0.054523717962497345,0.016739555557034696,0.07929984779987528,569451218,0,0.2702514362494485,0.5528859829906834,1.2964411724614398
0.770757093989545,0.053026354652390334,0.014095935923455776,0.04181287824985414,455962295,0,0.22924290601045505,0.4940241370786769,1.529206713108725
0.8472230584235805,0.07403415585238275,0.018857000423299908,0.07611461736042961,487865062,0,0.15277694157641952,0.6732766318755292,1.2399415096313684
0.959349941395562,0.05014688194729197,0.013094776984231126,0.05878789867206798,527211017,0,0.040650058604438044,0.4624830674737904,2.0304430093651535
0.21092042869977545,0.14625339343949798,0.1405888111185408,0.2108118018505424,89439692,1,0.7890795713002245,3.396789796128808,0.061911782446762015
0.8252630099319028,0.06172729019259365,0.02437194590356364,0.08408778063205954,522431788,0,0.17473699006809718,0.7343480788416474,1.1087057700426592
0.8068192255752511,0.05367287313401341,0.01628757883730808,0.05600604943269384,579633499,0,0.1931807744247489,0.5404430692822153,1.465763256184429
0.9128640126920665,0.04028343265458714,0.02132010040666835,0.10725125705424904,440101678,0,0.08713598730793348,0.5875357387517155,1.5277145005570527
0.7881592172915627,0.04115197285973099,0.026179058100034694,0.08262130372431697,511163541,0,0.21184078270843731,0.6881890534396178,1.128862180535069
0.8147964410642413,0.042644700574102336,0.017479100844961643,0.08462891845051145,443937812,0,0.18520355893575868,0.5201608191956422,1.5368854346883785
0.813148898323217,0.0565232287841342,0.020001035324590986,0.10318148129911796,535035030,0,0.18685110167678298,0.6261136216283565,1.2783076335351482
0.8329242278630522,0.04775234598107317,0.018039936800404353,0.07726009021115084,471961954,0,0.1670757721369478,0.5518081199323798,1.482577766877603
0.8808253903783069,0.05440474737960399,0.016690089111016954,0.042399799321844726,475206091,0,0.11917460962169313,0.551420771738755,1.5689219827943592
0.8225828386778584,0.07088374704780728,0.01565168459362653,0.11298961788647842,567553644,0,0.17741716132214158,0.5965686800637597,1.356124814409132
0.7846451463210211,0.047045196819708396,0.021436644522015047,0.08759279296771931,530189526,0,0.21535485367897889,0.6169136777191345,1.251599979722491
0.7919404949477227,0.052383689827347854,0.01851696270465101,0.07636993675728666,485745287,0,0.20805950505227733,0.5798740134024116,1.3425587107656858
0.9435436472356538,0.048903901960741694,0.021076982527281442,0.04183995725753385,493798930,0,0.05645635276434624,0.6171552583885955,1.5044817604814196
0.7680489886932568,0.04079326406920634,0.014644731601754755,0.1034551369053489,485412068,0,0.23195101130674323,0.45606768831192046,1.6479344265960618
0.8428703968389769,0.037031680520441534,0.023448539026225974,0.11177253856087191,534011510,0,0.1571296031610231,0.6170975026062856,1.3440818905129037
0.8717263069756298,0.048398672044333596,0.01793501088928283,0.08514397940711854,494267958,0,0.1282736930243702,0.5522949059629909,1.550300914575607
0.8483278724828681,0.05536509843570404,0.029978337448919822,0.1020164279684521,434631510,0,0.15167212751713188,0.8210271427212126,1.0208184893997614
0.869494976919353,0.05003046020153415,0.02210486472194695,0.07514637446375934,509594886,0,0.13050502308064704,0.6422191352450756,1.33313319087554
0.768301374629543,0.05253739661494574,0.016980096870153852,0.10499009801412318,500157386,0,0.23169862537045705,0.54975152386286,1.3725757624159287
0.915080770880051,0.055578103063518625,0.022488715445456973,0.059704810136282954,519171751,0,0.08491922911994898,0.672086721163214,1.341590068370624
0.8737587738586549,0.041530386516816724,0.011784055944229163,0.06206715545369584,512176510,0,0.12624122614134514,0.40180266495185013,2.121789993663151
0.8969485675040216,0.06633431532301096,0.020112329464060233,0.07721205598673532,515383832,0,0.10305143249597837,0.6675838505732485,1.3237454917870113
0.8731334915126254,0.06265707840864701,0.01705566586630652,0.10181723341207397,391089434,0,0.12686650848737457,0.5917416309607184,1.4510106108474043
0.9977365860588827,0.052801611588196073,0.01750134911924185,0.0907258181903438,476291091,0,0.002263413941117287,0.5612334287376213,1.74663550111869
0.8759267175515836,0.04374437298490471,0.024125491323338175,0.05256652605539068,463097145,0,0.12407328244841642,0.6574873184063823,1.3122746955595317
0.8372049176029258,0.057591551603026474,0.013170221443997328,0.08154312992435434,416355304,0,0.1627950823970742,0.49377063529205245,1.6618771697909118
0.8043056808173762,0.04836933036056237,0.02167088208622449,0.11286756311609068,540401809,0,0.1956943191826238,0.6268949631667392,1.2628545165724743
0.7214013412351018,0.04849944412967473,0.020866708321852043,0.07801811399517462,519065480,0,0.2785986587648982,0.6113319429557398,1.1610562589190596
0.8279958642278684,0.06196631486645651,0.02536489023883006,0.07817200884981772,516159274,0,0.17200413577213158,0.7551630642424273,1.082116875371723
0.949025304957877,0.04343105721028605,0.020346721685181254,0.07191205153632077,547139425,0,0.05097469504212304,0.5806586625447693,1.606723756270899
0.844739979114161,0.06958347454220594,0.024927248428076094,0.08344508772822075,492837054,0,0.155260020885839,0.7768788667303457,1.073532426438444
0.8577596771994175,0.050566499248971074,0.02219750615310113,0.08392262918047814,499006318,0,0.14224032280058252,0.646216120057907,1.3071298478978626
0.7370157038931766,0.05424165946401917,0.013803708025732638,0.09103481599821842,495595437,0,0.2629842961068234,0.49304079837072945,1.4651211318848398
0.9097002852821776,0.03873232531090195,0.014349653304798211,0.051863699810049235,442325378,0,0.09029971471782239,0.441922367339572,2.0129569833808065
0.8001487578860188,0.04353772690156197,0.017258656025374616,0.06950675185866394,368759147,0,0.1998512421139812,0.5193240281137402,1.5116426147087436
0.9605727192830021,0.04911637040794665,0.02254134319837295,0.07213894485877198,446788999,0,0.03942728071699786,0.6472923455992455,1.4614086497649073
0.8386096411982965,0.06501333651955488,0.024148662089395874,0.08252355807323934,480752855,0,0.1613903588017035,0.743026587866137,1.1136521003523627
0.819235556461614,0.04467299160338089,0.02459227221971207,0.0637519530212516,484832496,0,0.18076444353838605,0.670537410807765,1.203806790708568
0.8992748485555411,0.03654020319753252,0.01932751607799134,0.1011473661075645,526344896,0,0.10072515144445893,0.5327111343499569,1.6570046045446727
0.7437451160881255,0.05224451818559972,0.01987212843904003,0.060745348694307755,498884985,0,0.25625488391187445,0.6064206415231994,1.20655452784693
0.9161746599228819,0.047193249231332265,0.030447693608473866,0.0649512952529393,524575282,0,0.08382534007711806,0.7977268690948065,1.1342629482532993
0.823239901132724,0.03776059733237744,0.020521779687616065,0.0954384030967335,422844088,0,0.17676009886727595,0.5614779830818311,1.440545262466993
0.9353339751671323,0.045636141094734316,0.023841036083158688,0.06400118986596132,471527511,0,0.06466602483286765,0.659365286042111,1.3973446108890217
0.7131865285874699,0.04740453322416083,0.017471266478690316,0.11406345219836075,525899738,0,0.2868134714125301,0.5390434624704497,1.2989618806832703
0.8420659308976494,0.046568077245025895,0.019047484470010943,0.032193912650611244,463591404,0,0.15793406910235064,0.5672219983803225,1.4588250850807412
0.9456037303139874,0.07074082669749973,0.020458762422241865,0.07474680959367665,522369696,0,0.05439626968601263,0.6921385552348363,1.3467480503156846
0.8734457978638945,0.06642015160136369,0.0136991761741371,0.05922912358312055,549508311,0,0.12655420213610546,0.5396641298881968,1.5890536608993493
0.7468031280207157,0.07062524919243146,0.014837380482362304,0.07752534639800487,399133060,0,0.2531968719792843,0.579248606416972,1.2673820860804088
0.8970653765187661,0.05507991326912544,0.01874230556977752,0.07576666036137647,509284429,0,0.10293462348123394,0.5951657644720522,1.482346539053424
0.8091027458855051,0.06080048065714649,0.015694560449132148,0.06104214565462028,563075962,0,0.19089725411449487,0.5570931316112289,1.4267546206858068
0.7476338426611439,0.048311782768099894,0.02231644265059053,0.0904255981002763,524790251,0,0.25236615733885615,0.6395759840842102,1.1509567178890985
0.8218789212766953,0.04470947322653705,0.01882689715021293,0.0980803510952263,500707463,0,0.17812107872330474,0.5553758359104068,1.4536859714799264
0.80871642174261,0.0493933918618538,0.03346516831990248,0.047994577909925805,497130231,0,0.19128357825738995,0.8668769338454648,0.9222690100833842
0.8751397866076219,0.04516114165945679,0.009980688177966233,0.023356888037788626,534808399,0,0.12486021339237807,0.38025833019715183,2.2424627967979984
0.8046961816317783,0.042457241499806425,0.02557160847334436,0.10636604649705339,589936250,0,0.19530381836822175,0.6812611354661129,1.1640986891143197
0.7845423453413222,0.04929501221940909,0.02228886433075943,0.0490207894989305,561014144,0,0.21545765465867783,0.6429573354928249,1.201521604392701
0.8112612741706998,0.037903589813087946,0.02181815941312484,0.08296178839596552,551772170,0,0.18873872582930018,0.5879775475148485,1.3566751419718734
0.8843694575306068,0.031248275303542558,0.022975147329177825,0.09172331600785567,486719771,0,0.1156305424693932,0.5844960477977268,1.4875951838648849
0.11701439849814528,0.15047093387873275,0.11326209746429722,0.21512863560152817,97430548,1,0.8829856015018547,2.8671256848008757,0.04067058978907409
0.8142788038346382,0.0510537550614596,0.012009378240581263,0.07180626814741005,519789942,0,0.18572119616536176,0.44440258505746366,1.791976609753804
0.8741237873866889,0.05364961002466226,0.017433932167642073,0.08502947217881024,481366220,0,0.12587621261331106,0.5632770834514905,1.524784109847739
0.8585144182153517,0.04977131937701118,0.01316431096769877,0.05484263688182224,492112650,0,0.14148558178464832,0.4623714968620201,1.8174560148495242
0.7880968640717141,0.051226703159947956,0.016976276677308937,0.06440294107556722,482741764,0,0.2119031359282859,0.5444323461859706,1.4214482064279967
0.9000533878212005,0.05179894151153479,0.01904980482499253,0.0995684422405607,513917431,0,0.09994661217879952,0.5881918625459897,1.504623255807
0.8051855167842424,0.059920423495365235,0.015009696863427936,0.06124148846927202,431719129,0,0.19481448321575756,0.5398756312500197,1.464304782799399
0.8274572312911594,0.05018849622944848,0.018167464898159742,0.08961816185497791,447468833,0,0.17254276870884055,0.5641032828809888,1.4413037792412184
0.879493864709832,0.05696954404510736,0.01977243877349379,0.0688776250647844,480406161,0,0.12050613529016796,0.6233269516503053,1.3886885161259472
0.8642160800746603,0.03593682536328166,0.024372585370662614,0.07699359079456256,513954192,0,0.13578391992533967,0.6311990088663789,1.3478125638443657
0.9311496052014504,0.06710613372581925,0.02426987988276112,0.05303905776119666,535074739,0,0.0688503947985496,0.7538221325584994,1.2190660174803665
0.9382641505613217,0.049094667176958394,0.00949986746174188,0.07683692311255359,498105345,0,0.06173584943867827,0.3863760179426712,2.367106252873818
0.7717955804161158,0.056308116845547776,0.008903498136262325,0.08848787875722025,517202696,0,0.22820441958388415,0.4033024301074376,1.8673869887856411
0.9660914886236033,0.03628098857068644,0.02080009112926394,0.10901855096558424,445393939,0,0.03390851137639672,0.5611257768680246,1.6915564447493798
0.7924124633284233,0.058836599374866724,0.025605153336622357,0.03900117442845044,479244985,0,0.2075875366715767,0.747449464231914,1.0461588538213082
0.6560896538696834,0.05947526462122858,0.015768420112671322,0.10894611398783613,505791229,0,0.34391034613031657,0.5532694607383408,1.164788257843187
0.887906633672943,0.0725243580534431,0.01841142451621883,0.08218816943665941,476129464,0,0.11209336632705702,0.658325922538149,1.3285533356253436
0.8576896621552786,0.04291593233089538,0.021749000122839538,0.05565434615559041,430227574,0,0.14231033784472136,0.6066437317803722,1.3908998307320164
0.7847351772027649,0.05281191423969376,0.019620244881787388,0.09216492383369937,491968444,0,0.21526482279723513,0.6036525545945228,1.2787939548647143
0.768973510373246,0.04348581996385552,0.018677425793446948,0.049613078490463154,475958310,0,0.23102648962675398,0.547491795724361,1.3793449809859575
0.845980951244069,0.048063405407202824,0.022736323986889836,0.06246452437576311,552890709,0,0.15401904875593098,0.646980101366608,1.2876812394839867
0.8774894631654769,0.06476540349725896,0.01836052641743541,0.0885097986648046,494782860,0,0.12251053683452306,0.626272142337744,1.3791102969579496
0.9185119035458778,0.036659745050817955,0.022310863330409714,0.09424644319160325,513177540,0,0.08148809645412225,0.5928562468114661,1.5236002088456886
0.8537149238524919,0.05447716925810278,0.02375289583760883,0.07355943691015883,546412284,0,0.14628507614750808,0.6929665937845877,1.2144459372618472
0.9104312980660605,0.04878252491616717,0.021639397620796787,0.08950861365053248,454359454,0,0.08956870193393951,0.6279180520806044,1.4271916198274048
0.9323324509860514,0.0579994190194205,0.02993530555849721,0.09586351376437355,514547368,0,0.06766754901394856,0.8307037872476262,1.1089904257936172
0.7027300614934684,0.048955507814625286,0.022074327501809553,0.06570638646019136,525943559,0,0.2972699385065316,0.6373085812946923,1.0856183307317304
0.8397665926815386,0.057223813578277716,0.016970695896205534,0.07395638826034757,440273853,0,0.16023340731846136,0.5683091722372215,1.4521066464030898
0.7509747600938521,0.05956702316794584,0.015094172344301592,0.09752911291005871,548655078,0,0.2490252399061479,0.5401515395578153,1.3650325521172741
0.8997447969773757,0.04257529414301952,0.017544231264289476,0.04457862893823818,383984220,0,0.10025520302262425,0.5211858018578676,1.6938419547932977
0.7475656518002973,0.056725737012027315,0.020724439165484457,0.06950865972465899,570346737,0,0.2524343481997027,0.6413917313577984,1.1476437538469033
0.9371160477573892,0.04870179300266574,0.026606520161365062,0.06024253318198502,525995106,0,0.06288395224261079,0.7269375752379642,1.2716355892896158
0.7579205138062157,0.05038003478168201,0.029002555907554267,0.08380847779850116,460942181,0,0.24207948619378428,0.7815712572778134,0.9574886743774383
0.7601822382750161,0.04451275092259039,0.027384672130591373,0.09957779117113559,534279487,0,0.23981776172498392,0.725744446302189,1.0332150546234498
0.7395918833428087,0.06607345576019993,0.024130235857207534,0.05447391166923328,486372763,0,0.2604081166571913,0.7468985401849504,0.9771347731257181
0.39897963553097016,0.06248325142515882,0.0220878601298818,0.45506660999521137,468274762,1,0.6010203644690298,0.6916902082982713,0.5685979807222473
0.905211519336889,0.06196571501664491,0.016853683031536056,0.06581958084739019,470168547,0,0.09478848066311096,0.5849365206973007,1.5215262264887146
0.904367819914774,0.07210523001591351,0.02503756844918461,0.07921960961244912,500427804,0,0.095632180085226,0.7891722890473463,1.131630603699768
0.693226390089618,0.0353562511979018,0.017455181871462506,0.08340927541993141,488924336,0,0.30677360991038205,0.4905286422208573,1.3849884534354644
0.937320548153797,0.0554673356820138,0.023128154668230004,0.0867737463584338,501778303,0,0.06267945184620305,0.6844324360926552,1.3497649295125007
0.19632172869582937,0.15655977920271893,0.10307131397082042,0.2087289419041233,103078323,1,0.8036782713041706,2.687665396227284,0.0727746773081597
1.0,0.06471170327493608,0.025586994079512305,0.046346826117546286,549722368,0,0.0,0.7705866946899904,1.2810876828961957
0.8039345407484255,0.05444602668220141,0.01895343090210319,0.07562693445129928,519368574,0,0.19606545925157448,0.5968527247708695,1.324760535683462
0.20064101129180642,0.13661038454296964,0.13851344419005443,0.18478974022189834,120682260,1,0.7993589887081936,3.3167104219729673,0.06031213596668043
0.8200143353960322,0.0520115965587284,0.01232213938396447,0.0852955062195596,452496825,0,0.1799856646039678,0.45448917391420296,1.7654110826434444
0.8986317207773231,0.042122162480917616,0.01912218027250392,0.07825129342445639,553132864,0,0.10136827922267688,0.5509322553737489,1.6020325309668013
0.7813313775855029,0.06612278257988646,0.014346923325312368,0.08554716923929352,466728885,0,0.21866862241449714,0.5514295968257932,1.3916818457790414
0.8988468596227058,0.05760055963689603,0.014789777938784485,0.0565553249312672,451075022,0,0.10115314037729417,0.5261977973232739,1.6763344872168333
0.8638544740680946,0.03407006266468331,0.02094853083805198,0.049299195049352804,380653506,0,0.13614552593190543,0.5552508674197728,1.5282674010061614
0.9358905399887818,0.030207001896242126,0.01640583806195635,0.11711006629588526,583186641,0,0.0641094600112182,0.4489447688240955,2.039222589652155
0.8055840378645441,0.03770450405547583,0.024345772962484483,0.09343062343458107,554827355,0,0.19441596213545587,0.637733475471593,1.2436967801888352
0.8950375389352456,0.049966255425890484,0.016938816327461248,0.0810239580376217,520649945,0,0.10496246106475438,0.5386413482527869,1.6313709161469478
0.23178401531780846,0.14398082103523704,0.11338450207953894,0.1845829812005347,86021945,1,0.7682159846821915,2.843613325731727,0.08122474521258907
0.9018967910071714,0.04629988970117872,0.03963118853218163,0.1000326365041712,499507759,0,0.09810320899282865,0.9778233294483474,0.9130142649200622
0.9415003234565543,0.04189747562985619,0.028793102420975665,0.0586753013620155,541580839,0,0.05849967654344568,0.743451950938938,1.2495824349293594
0.7720254663818142,0.02500594285126427,0.01444271021531484,0.06786993223568522,500641432,0,0.22797453361818576,0.3888779757113539,1.9354928408995102
0.9077337651234588,0.0540373009033661,0.023395713877190978,0.057609077432336626,488434952,0,0.09226623487654118,0.6840634811572839,1.3078540937060978
0.9426876463205923,0.036104275332364044,0.022491108742483924,0.07081819379562017,486567712,0,0.05731235367940768,0.5942392761791346,1.5601230894516036
0.8984807961076512,0.04758742345381458,0.02522544237042377,0.08615225336378393,493567027,0,0.10151920389234881,0.6948585412237337,1.2746966143699727
0.8894654320704711,0.04862551485372309,0.020975124920140635,0.08206876258616214,425137117,0,0.11053456792952887,0.6140045578177051,1.4254149603989221
0.7955980222737207,0.04361038252310498,0.02010443244147981,0.021860235613567175,504305543,0,0.20440197772627933,0.5765301789220161,1.3564485696813597
0.9250627044780798,0.06901190685753007,0.020919172581612522,0.05222914892337578,525351013,0,0.07493729552192019,0.6944310790623707,1.3132054106831568
0.7740480888934446,0.05511202599524981,0.019630262171958037,0.06615499341468208,473262166,0,0.22595191110655544,0.61305334742016,1.2423464091774796
0.9325475631574908,0.04731469352094168,0.029162785217396008,0.05471003186090069,515367280,0,0.06745243684250923,0.7725144784316869,1.1917320239575628
0.8478788899640626,0.05217432873179723,0.01918603546963853,0.07433722206512466,461131425,0,0.15212111003593742,0.5924180243199595,1.4074593649836291
0.855142401527637,0.0504381147197911,0.027098015022568187,0.0630629806774927,593440892,0,0.14485759847236301,0.7437127593305282,1.1345733383725676
0.9335328701655258,0.04407535740847106,0.022288432930267763,0.062193643039602564,523768280,0,0.06646712983447423,0.6220700882392395,1.4769451798709103
0.7858178184622705,0.04860410371844826,0.025627173922073847,0.10141221119958373,544309559,0,0.2141821815377295,0.70695989331527,1.0960415300618795
0.9904272673954564,0.06072507337309803,0.025847949962138867,0.07845557909553909,445697270,0,0.00957273260454361,0.7598592927351695,1.2865042699902332
0.8554014785128087,0.05507835756289624,0.013367639358444585,0.06935662873745621,389082611,0,0.14459852148719132,0.48766621742047667,1.718825687921032
0.9504604900458816,0.03418809297967867,0.02457695137780081,0.0930995116844338,571365268,0,0.04953950995411838,0.6282913994747309,1.4890698681323984
0.8132511280367805,0.05176441555277225,0.013403764027006163,0.06608610245605873,551075769,0,0.18674887196321954,0.47513294275121226,1.6763469481680509
0.4866773906752933,0.32798703978067995,0.2174870563865374,0.07152219915355296,302015821,1,0.5133226093247067,5.661689286853467,0.08580818977572935
0.8225849924735721,0.04608241850956178,0.02130221131666778,0.05713961375852543,524013025,0,0.17741500752642791,0.6103739003716027,1.3259503534575607
0.9101546426149419,0.060506543960076126,0.019044861186999155,0.11310814226176591,448009673,0,0.08984535738505806,0.6229233995802876,1.43801705422567
0.8989341031072694,0.052606737658239075,0.01848136985611668,0.06432492957751143,509742117,0,0.1010658968927306,0.5800543477552899,1.5234767890907561
0.877715856759758,0.028466098863962855,0.02830735082864009,0.07261585599105108,556389012,0,0.12228414324024195,0.6800114120286531,1.2720309279802322
0.8537584475011794,0.05718953310665067,0.018641724448369736,0.07802309597521388,517429755,0,0.14624155249882065,0.6015926213939974,1.3959593651656812
0.34038462906435785,0.06889153824787805,0.02980052808124144,0.5589758774511273,427238869,1,0.6596153709356422,0.871576714616341,0.38610891533414876
0.8911028760729767,0.04337099082449052,0.0217780667439283,0.0966038362372522,357268666,0,0.10889712392702333,0.6090452981765281,1.4394792734842292
0.8658467808614284,0.03993457434720359,0.020859196698967658,0.08320979247946961,512304180,0,0.1341532191385716,0.5769222313681676,1.4752325514115612
1.0,0.05142943094763707,0.026285746084312864,0.06526459728104757,458823251,0,0.0,0.7314326454768056,1.3487401803799899
0.7232877741211421,0.04227122332176391,0.022717396893350464,0.09136206410257293,519480226,0,0.2767122258788579,0.6234328311540649,1.1418539402249936
0.8124420491252038,0.060495527153193354,0.023296228342162027,0.10165382107774147,475586307,0,0.1875579508747962,0.7079066754560139,1.131681981657492
1.0,0.045891857120454155,0.02614490251244531,0.09992236429822259,473893421,0,0.0,0.7064654787307229,1.3957406597894733
0.8667090876003805,0.03774234336997659,0.021962079835893836,0.0731490159828447,525847325,0,0.13329091239961954,0.5902109701977831,1.4440074084530314
0.7711419162931565,0.052407531794885685,0.019664108549753225,0.07744690636963619,557483600,0,0.22885808370684346,0.6029122981746072,1.2581602924101756
0.9401252023638206,0.05325796316582167,0.027596419618208846,0.09101595144547327,531330681,0,0.05987479763617942,0.7649602450274635,1.213127006702781
0.9325972208440917,0.053740565698475726,0.019939555260769726,0.10116236650174301,445418741,0,0.06740277915590831,0.6137533680092975,1.4951377718736272
0.8988296212346771,0.042442548405071556,0.021251001031258474,0.059484946327194456,535171395,0,0.10117037876532287,0.5947902142454558,1.4861841347020948
0.82537774120376,0.06732514999485092,0.017323324564918884,0.05169465616151625,474087368,0,0.17462225879624005,0.6157670912777814,1.3189855342478698
0.9841149849820225,0.037457105768307505,0.01275704292683228,0.10623967477147893,485040911,0,0.015885015017977455,0.4049692816098756,2.3715369512753885
0.9576336036923982,0.043318559144610067,0.02705229572601752,0.08093869804120739,538589808,0,0.04236639630760175,0.7143201510987907,1.322113712064578
0.941941866102854,0.047539375118700516,0.021265826190189907,0.0845152304622351,450278573,0,0.05805813389714598,0.6154740242786002,1.5059648035572009
0.8302258093983522,0.061889133714746435,0.020360184306418724,0.04049024457565725,494259887,0,0.16977419060164778,0.6547602209873602,1.2489101832315237
0.5906986127944742,0.055387559924463696,0.02617891095911077,0.06190771250012468,537975744,0,0.4093013872055258,0.7451284588800702,0.7822491734327407
0.9023492525083245,0.04708188731084456,0.02325760995669753,0.08068054822144465,503391925,0,0.09765074749167546,0.6534797483773288,1.3600253130788067
0.8745839616701288,0.04709725455811349,0.027007992964732146,0.061089862401145376,506313386,0,0.12541603832987125,0.728548877527097,1.1841923917053692
0.8765851209583673,0.04356481769619857,0.025088307334217512,0.06899769434126922,510022981,0,0.12341487904163273,0.6760254174691446,1.2777735323455321
0.8700394280276701,0.04008607650543693,0.019120727977839643,0.09683967390904254,496979813,0,0.1299605719723299,0.5427588655785406,1.5739945249309577
0.7989808012598947,0.05969457200526737,0.01696062369662091,0.07700118561841782,471907895,0,0.20101919874010532,0.5779907619534876,1.358832235060008
0.8231372240567897,0.050242194566727585,0.029046531748665554,0.07006135949764043,540699043,0,0.17686277594321032,0.7818994132402215,1.0394466901910586
0.8774180277102163,0.02864325786021305,0.024660957821301923,0.07814111586772823,490215073,0,0.12258197228978374,0.6077921878668907,1.4202478518541326
0.856927182997832,0.04899845923520048,0.01207008343881021,0.0693709089728157,569659062,0,0.143072817002168,0.4373955057170061,1.9153683308116858
0.8055618304671797,0.06775310892609512,0.024166669558901538,0.08987309695286302,627450485,0,0.19443816953282034,0.7543458268824113,1.0539232401554135
0.9849713308058051,0.03474343685429905,0.020126942102712053,0.061508717712438,544057336,0,0.015028669194194877,0.5415125894714372,1.7859453249286463
0.8668813973762095,0.06107080669286973,0.015907856670289995,0.05128180952262945,469582461,0,0.1331186026237905,0.5624403601772788,1.5143610717940037
0.7443634709532578,0.03559949117405706,0.01585751487609877,0.06575652271647914,495258788,0,0.25563652904674217,0.4595482622182036,1.5852757444714916
0.7510439431297534,0.03903724913104799,0.011995480107617423,0.06584748210355948,519418786,0,0.24895605687024658,0.3960585986765404,1.8495949736752715
0.8301985091558796,0.04962963202951588,0.018792512770646107,0.05543112337468475,560122562,0,0.16980149084412044,0.5743687835309856,1.4206756633020234
0.36021784136849927,0.35776624995997003,0.2786293696468336,0.0945812729000473,300627917,1,0.6397821586315007,7.003652392776552,0.05135952299824441
0.9451213224886041,0.059191541736100015,0.021102707135069336,0.05785686366395097,507443840,0,0.05487867751139586,0.6588203096457868,1.4131169596048136
0.8307011153714936,0.03226967531793119,0.02602997258273408,0.09030588643248935,512010292,0,0.1692988846285064,0.6496781529264064,1.259252124216044
0.8384511670460846,0.06139878561129046,0.02276625609992392,0.12425062078794485,459885998,0,0.16154883295391542,0.7009202644436402,1.1793884757276527
0.7925244622998051,0.03633121301584579,0.02346739455956997,0.09357862580118556,452980054,0,0.2074755377001949,0.6146727432547826,1.2687034464965627
0.8671183928587377,0.041494795457907005,0.01381168788836351,0.1004706128837069,558141928,0,0.1328816071412623,0.44221293959889824,1.9175001795124447
0.7528649109769814,0.030245334336461288,0.023343708277962564,0.08950335492990763,551815144,0,0.24713508902301862,0.5878555029050965,1.2592757067864457
0.8878590099658835,0.04017512606461691,0.012880214237749276,0.056064227071473766,617453789,0,0.11214099003411648,0.41830478901345314,2.072960734366189
0.7378519149766175,0.038569950872695165,0.018685545853958662,0.07283941240506028,510380167,0,0.2621480850233825,0.5279907205699539,1.3714956164948873
0.8655271994318646,0.045279094223028726,0.026479358909315073,0.07881169637455011,564637264,0,0.13447280056813538,0.7107035550784163,1.2009475925752728
0.7077023800876576,0.05323079273116029,0.02448533098443566,0.05300847576896936,534317677,0,0.2922976199123424,0.7026297906133544,0.9930855956478387
0.8647707086825843,0.05125576453471543,0.0212197659895425,0.06794358688432077,515582642,0,0.13522929131741568,0.6294183779297118,1.35243330271881
0.7418652315506933,0.056778753195309076,0.02786509862607428,0.08658213557420259,487185958,0,0.2581347684493067,0.7844169853027219,0.9338486528809513
0.5022461246835471,0.06081082542900824,0.02658182858856806,0.5821848339934806,487545206,1,0.4977538753164529,0.7748798734873942,0.639901903016008
0.8622980084756422,0.05552489954417148,0.02009573888707876,0.04233699583882832,421717598,0,0.1377019915243578,0.6240143759182611,1.3600606567110585
0.9696835449191347,0.04747646497873713,0.026374375206393613,0.07169572464189457,458055366,0,0.030316455080865334,0.7173933640428207,1.3330937465935566
0.8191749122510592,0.046908835357974986,0.022312956464269756,0.09108115542231815,518198531,0,0.1808250877489408,0.6338944707172951,1.2722192059492337
0.917968167761682,0.05838490774451642,0.015958671391795368,0.08676046962203417,489576589,0,0.082031832238318,0.552713058813973,1.6313255101924915
0.8366305535746517,0.04741203937332898,0.009579435302507058,0.10786909055048863,415574740,0,0.16336944642534834,0.3812368635434571,2.1384246514943293
0.7224457872964506,0.03953089017318061,0.016391312233313735,0.089828589054404,524365261,0,0.2775542127035494,0.4859498053589971,1.4566913415229643
0.9622235448748879,0.05638730222029185,0.019903698101328027,0.08982415330823992,547889580,0,0.037776455125112074,0.6236231709077279,1.518605362074129
0.8885977932194548,0.03429499396376823,0.02686424237338265,0.07338421551344886,470754617,0,0.11140220678054524,0.674464823322726,1.298237342433126
0.9366440994540222,0.05122297503032284,0.02359878971074091,0.08444579711601709,450723019,0,0.06335590054597784,0.6768676943361095,1.3636455858640046
0.7137294048515876,0.054909749516382514,0.017816178813808915,0.05423384765072925,482970064,0,0.28627059514841235,0.5759625743417083,1.2180460597733862
0.8120043751071235,0.05034083468259226,0.01550607975838436,0.08882614303398492,508214738,0,0.18799562489287647,0.5114849338980563,1.5571003538634542
0.7901210770754756,0.059278401280812375,0.02135747655412824,0.077059491531383,530445267,0,0.20987892292452437,0.6642631362058143,1.171828970988407
0.9740400394251261,0.038562737926793385,0.029520682947865036,0.10475307515023996,476575194,0,0.02595996057487393,0.7446646106644742,1.2906926145211635
0.8143597982879383,0.05168654671966728,0.019737977747112653,0.06659769599091535,496867588,0,0.18564020171206175,0.6015057418209222,1.3317287845294203
0.8143053253428176,0.04981291243554103,0.02455681361087361,0.08711337897126459,426398146,0,0.18569467465718237,0.6903879219596363,1.1626490117997015
0.8081711978277385,0.0641093237974627,0.01968997995316984,0.08975120594173437,539899727,0,0.1918288021722615,0.6502368942532477,1.2240624613106632
0.8434279057285945,0.04404338705956508,0.015255417395875815,0.06838703394892098,516342770,0,0.1565720942714055,0.4812818961557766,1.7167901205566891
0.809721947670704,0.05328762410303481,0.023590928628539672,0.0717701371087564,582810412,0,0.19027805232929595,0.6849690689829326,1.1651194043149415
0.8558654373750723,0.05423599065593461,0.024706552903837418,0.08740122230537911,438983965,0,0.14413456262492774,0.7110750207004868,1.1869298100822347
0.8504194959774546,0.06185704154662997,0.017266599577063675,0.08390963463106582,456035860,0,0.1495805040225454,0.5927601577277933,1.4108754287663192
0.8633161766570445,0.05159856391997401,0.021083877818813147,0.11217561711468747,558318527,0,0.13668382334295548,0.6280718120561589,1.3530078595308033
0.7424439591172578,0.05708214423256557,0.011480642065866405,0.0759495154587034,543438625,0,0.2575560408827422,0.4579414182475904,1.5866173203852338
0.8878077985930434,0.033836893915634124,0.01734514551094018,0.07755885735757445,547891981,0,0.11219220140695663,0.4822504858813401,1.8035691666276072
0.8840366049427971,0.0362038183521107,0.026361767500533838,0.11281229126976575,544353988,0,0.11596339505720288,0.6720506234191196,1.2961451461053166
0.8565499311509058,0.07145149127773388,0.018764871496270017,0.09442958647514686,409806860,0,0.14345006884909417,0.6611033950363359,1.2763307971412203
0.9835217220231514,0.0641222055541543,0.018909770523038133,0.07634862051240918,506430872,0,0.016478277976848643,0.6346842326773798,1.5255867480092946
0.8461830915086416,0.05862393472382759,0.021443618314125116,0.057530119335208046,492639736,0,0.15381690849135843,0.6633681051778126,1.256642666918705
0.8350502684670913,0.04516938948316561,0.019416170421023768,0.06012274650330293,537824417,0,0.1649497315329087,0.5690009663531378,1.4422260358677652
0.876756543198962,0.061267051368275836,0.015566595388582714,0.1130723453698457,498183469,0,0.12324345680103799,0.5564001132447576,1.5479455647991556
0.8323228660936268,0.04358518404777048,0.01434898137663038,0.11846891589649908,509629845,0,0.16767713390637318,0.4613203637236895,1.7659386908679682
0.9774549301311517,0.06873297776217546,0.022048813979797487,0.11795534033491954,517812639,0,0.0225450698688483,0.7159081906446516,1.3465269337477939
0.9522761490085838,0.053696421921980944,0.021647543677865047,0.061148839884162476,481336587,0,0.047723850991416183,0.6477365612452247,1.4478078384539514
0.9352384300052281,0.04012820472848816,0.01036163710327195,0.05631938883554881,486024626,0,0.0647615699947719,0.36774556097939165,2.475842277485429
0.8773404780621727,0.06301741289398799,0.018847996428971163,0.0636756551091607,465686043,0,0.12265952193782725,0.6290295801553752,1.3729262389525911
0.1798572152436913,0.18121292677934517,0.12298912179326618,0.2535432511755529,101799143,1,0.8201427847563088,3.1846341429827043,0.05629978494994914
0.867770701730697,0.052671266510114834,0.019597001253516197,0.08069427497505124,463048567,0,0.13222929826930296,0.6026250911107833,1.4164792045283283
0.783523990687117,0.06477530081055262,0.013387710216282149,0.06932799387121666,496523385,0,0.21647600931288302,0.5268554075678535,1.459469308946258
0.7355886897631494,0.0409609235853521,0.021598259129594885,0.07243984201963566,400223410,0,0.2644113102368506,0.5958088769333061,1.214225670457006
0.8075304981663743,0.06615582823548233,0.00939649923682467,0.08351072459157197,568695719,0,0.19246950183362566,0.45255329767842273,1.7458107038030186
0.8473844201524725,0.06173473857485325,0.026907270393452434,0.06771754869983368,511157652,0,0.1526155798475275,0.7850843621684617,1.0657792562305854
0.7670203076538835,0.07061503576636398,0.018605185348340957,0.09631002044888526,459741412,0,0.23297969234611648,0.654563850032275,1.1541709763728987
0.8548184167952821,0.05870067730688754,0.020204595876978607,0.07398280505718348,577939459,0,0.14518158320471786,0.6388946267671223,1.3173455003843983
0.9427463842691398,0.04525096343377476,0.018779597631628994,0.0967893700903681,512154586,0,0.057253615730860186,0.5565958063676789,1.6638781538339995
0.8536457471923051,0.049117179516487454,0.010149480911440823,0.058582951626311226,469457118,0,0.14635425280769487,0.39945833629476624,2.084817114525106
0.809835662051791,0.03497029671604847,0.02736335337875491,0.08776624010846899,527169541,0,0.19016433794820897,0.687148254439292,1.16164052178992
0.7504276237350866,0.0662467845846956,0.008972169714504654,0.10163969618499885,524462726,0,0.24957237626491335,0.44443053262887544,1.6513582821864354
0.684128781407348,0.04633175588185313,0.022910132835423636,0.09744630760056901,418433244,0,0.315871218592652,0.6435296802358852,1.0468212876887526
0.9267416660868165,0.033864386021232595,0.022508913680837725,0.1161439328727577,506766917,0,0.07325833391318348,0.5856358177016849,1.555886396595043
0.8065260183092988,0.043921780129055676,0.015258259978878997,0.08624756420933144,476434213,0,0.19347398169070118,0.48085232009380263,1.6431133872509158
0.901638734491286,0.03806074993600945,0.017749935710020932,0.09171808402329298,513392181,0,0.09836126550871405,0.5072417139444564,1.743167092258355
0.7978719721915346,0.0757970933765432,0.024462986691496547,0.11822838174279447,525224162,0,0.2021280278084654,0.7924481073361037,0.9942972821510409
0.453830453522583,0.2881932101984769,0.16702054595934754,0.07329511836263947,306688770,1,0.546169546477417,4.493183759980859,0.10077990988413763
0.8893961011206519,0.03972324859074042,0.014513487361835779,0.09656459380369245,526548783,0,0.11060389887934807,0.44916274159967723,1.9369953625202352
0.7611539323627337,0.06217158520825497,0.02174825023649847,0.08146393982003389,534638451,0,0.23884606763726635,0.6836513455629893,1.0973148646384547
0.8251786594725234,0.04694775295645333,0.016913734067265384,0.06035392839245371,556395449,0,0.17482134052747655,0.526065693171121,1.5393237619649591
0.8315252375833058,0.061873860515647514,0.020078091669748017,0.09565747469897146,419164331,0,0.16847476241669423,0.6490572754575503,1.26168888281526
0.9069291902471112,0.06328194141849058,0.024093888218774305,0.06650131962418895,466582740,0,0.09307080975288884,0.7350055300494485,1.2173455815648984
0.9652093772359578,0.05089580681255249,0.01870572799815084,0.08726231255489048,488214437,0,0.03479062276404221,0.5776977872132268,1.6423566639800249
0.985716509463203,0.040254706953293584,0.02781706679416054,0.08078894096481479,498062855,0,0.014283490536797006,0.7173601636963851,1.3551972718080572
0.8758174848270471,0.03521088431225872,0.0111188238355084,0.08916336229577397,529572107,0,0.12418251517295287,0.3632200139592029,2.346651980252012
0.8855055542516983,0.04294988144241591,0.0069789307168643296,0.10373469240354663,495414698,0,0.1144944457483017,0.3113781401069502,2.7553384743499176
0.8914127216375298,0.04072646865809426,0.007352199611528484,0.060097030362932416,580216955,0,0.10858727836247017,0.30994986686294673,2.7861012426030296
0.8399370463920282,0.06281016361735113,0.02348951636269514,0.09528059563145719,463351555,0,0.16006295360797185,0.7210309817233074,1.1489759906098498
0.8373593681136808,0.04356450167682538,0.02098646132815603,0.07528060025578057,519319132,0,0.16264063188631916,0.5939872332704221,1.386385873720565
0.9768813452916282,0.057081086766885905,0.025970547015236864,0.036952329107816394,557969052,0,0.023118654708371822,0.7477352873722809,1.2892118944061783
0.9197856509376542,0.04330927261340084,0.01820115677105457,0.07440379315245987,381417031,0,0.08021434906234581,0.5372602258746948,1.680709847801466
0.7892693870757042,0.05742095372009307,0.020163984977057934,0.10211800848714618,469626385,0,0.21073061292429585,0.632963514421531,1.227549261151783
0.8122454507368453,0.04814712341122292,0.01675313480839287,0.08567502047323003,431329855,0,0.1877545492631547,0.527651189812749,1.510729383896148
0.2907543833318791,0.04970027725223064,0.02871189757244503,0.5084589535459724,373921390,1,0.7092456166681209,0.7730390604578231,0.3713152995993359
0.8085910960771062,0.04437831973421698,0.01531746812605202,0.09900031657339292,432996396,0,0.19140890392289378,0.4838626414579083,1.6372793327515178
0.7287847150241158,0.04865982833327082,0.016070069836825088,0.08104516980994966,564749279,0,0.2712152849758842,0.5160407100695851,1.385415046922341
0.7374028980498756,0.05934319911239274,0.015686121179784396,0.111811641452357,420891161,0,0.2625971019501244,0.5510952200452589,1.314220602325565
0.8110299692988243,0.04546771950672725,0.015872947350105224,0.05255068904231798,518970269,0,0.18897003070117568,0.49932982502901346,1.592347295296569
0.7463936982349106,0.03932467085745728,0.021989635249734046,0.0891561121985157,358383703,0,0.25360630176508936,0.59709138842451,1.2294585501729982
0.16019304160403053,0.1487612193897815,0.12124662699238245,0.21247510508858183,99866953,1,0.8398069583959695,3.019977417406775,0.05286938466397309
0.9045200557898099,0.04203974143196511,0.011070667540329444,0.08424186706148351,402531412,0,0.09547994421019013,0.3895723165344493,2.263720529076809
0.8958066225084926,0.04255097355193551,0.019223704755876255,0.0872129578287159,457596720,0,0.10419337749150737,0.5546779893252671,1.5864025859745137
0.7977900816558087,0.05194736194718775,0.02993637999615404,0.08173395398828794,395705106,0,0.20220991834419133,0.8065170477118317,0.9770648192729072
0.8679107219423305,0.06148445709196755,0.027279111610733833,0.09789294375147745,494709062,0,0.13208927805766946,0.7915200605825468,1.0828309416379809
0.7498768460647645,0.040942676991373814,0.022333354909830405,0.12368193466760913,539495986,0,0.25012315393523554,0.6104378061621034,1.2086253265308629
0.800976904761249,0.06304340242878152,0.022043036538508837,0.07256284235442668,496206427,0,0.19902309523875095,0.6930343404853028,1.139314054286931
0.8281821144201863,0.05428307097207649,0.016076190459361483,0.05771907099676013,580815002,0,0.1718178855798137,0.5386560930755356,1.5094740127239727
0.8699506946968604,0.056380511014407574,0.016345218621422634,0.10018943577191938,541355771,0,0.13004930530313963,0.5524264164860829,1.546781355207534
0.8109915020742005,0.059135846262332495,0.006821261304915612,0.09281085870149547,449719931,0,0.18900849792579955,0.37296861114764224,2.117644836854649
0.7596758583026216,0.04975804393609084,0.01848977250255068,0.07212940288060543,471179021,0,0.24032414169737837,0.5688276257953769,1.3124388409394558
0.9116692155109574,0.061647393544571716,0.02498429386732904,0.06723434546943012,591027195,0,0.08833078448904264,0.7462754515248676,1.2054724421806517
0.9342522282666322,0.04248030668261181,0.015757856829045926,0.07348777895702993,436799691,0,0.06574777173336777,0.4850783633113658,1.8870794958960067
0.809859436513237,0.0543004164719107,0.013896437870429207,0.08619997966331111,488784051,0,0.190140563486763,0.4951304232962269,1.6032679861737527
0.8903989823184365,0.04418319086051357,0.029882202922577428,0.046628014822436094,470505384,0,0.1096010176815635,0.7743768218936028,1.1351673806078058
0.923922161536552,0.05513907849658915,0.023110349951530246,0.0986625614468214,506315709,0,0.07607783846344796,0.6827633130169615,1.3336765157394108
0.7475756481063285,0.05308050539504103,0.024982852552897235,0.08758306237452249,529363120,0,0.2524243518936715,0.7119790726381088,1.0354533482178228
0.9025242886907063,0.04675168616491378,0.022788455303625624,0.08626368947729961,504208411,0,0.09747571130929367,0.6427758507321676,1.3825944812119129
0.7889392674765986,0.04627793223928947,0.02460900750988626,0.06836435933215892,559006408,0,0.2110607325234014,0.6772918791548831,1.1478955177627073
0.7523325080023182,0.06573986763290032,0.03379830019455539,0.08893745001605396,547835159,0,0.2476674919976818,0.938925474422709,0.7928257047372549
0.9168553689652114,0.04972485094949364,0.016452100726254137,0.08661702609231156,447990314,0,0.08314463103478864,0.5279414183230573,1.7043777216919922
0.7788388456299581,0.05758928589786765,0.02493667258294551,0.06108507878606438,422859839,0,0.2211611543700419,0.7290905952503809,1.0537799433993769
1.0,0.053384838434616916,0.016710827230739314,0.08298726964542379,535172006,0,0.0,0.547755898353254,1.792899013623073
0.8602483531928631,0.055935567222808624,0.010438725122901116,0.07205609367708025,576437392,0,0.13975164680713692,0.4325167713492568,1.9439903951434898
0.7939903348048661,0.052392468641111495,0.01967905911445751,0.047768652817943444,570709364,0,0.20600966519513386,0.6031510568535963,1.294934300332535
0.9761962623810779,0.05500844474944457,0.023789609249618097,0.06310117122813008,507898715,0,0.023803737618922072,0.6958259639901402,1.3830551895009555
0.42441182210288486,0.412716918037867,0.2491186054398292,0.05317870573396863,329561437,1,0.5755881778971151,6.633239780948052,0.06388627177360703
0.7137933116609727,0.04696820217165725,0.015600928232489729,0.08290127491918764,523670370,0,0.2862066883390273,0.49989137333642364,1.3998928967759092
0.7329188041494304,0.04919283419891418,0.019621178567322702,0.10558929863315503,448402237,0,0.26708119585056955,0.5891949081421108,1.223172617440875
0.8239181174265727,0.0588404539636105,0.021276918778371585,0.10389184441027462,510965116,0,0.17608188257342727,0.6609001914218737,1.2280785248851995
0.7865983409253839,0.04620872259012513,0.020529472265576172,0.080249986438145,407905111,0,0.21340165907461606,0.5954243356720239,1.299251276465879
0.8000145137843456,0.05070052163113182,0.020217573343217332,0.08643357082753,500080951,0,0.19998548621565437,0.6071535533888739,1.2962973467321988
0.9936702138476418,0.032514680267618196,0.02340679755221474,0.07568780842863955,432472201,0,0.006329786152358241,0.5981946721147675,1.6338028914204863
0.9163524464946791,0.054664299824335266,0.033103965455149875,0.054598778225759356,462532115,0,0.08364755350532094,0.8807365084003386,1.0287581544629216
0.8211227067344736,0.05586693801475275,0.014916584357117514,0.090667184894109,495864248,0,0.17887729326552637,0.5217994392013613,1.5440458304499312
1.0,0.04861544016016226,0.02037977633958044,0.1139144575562173,559429841,0,0.0,0.6020572874322578,1.6338339899444125
0.870353667464097,0.041731196459601404,0.02194807088685452,0.13023113103168849,451692163,0,0.12964633253590296,0.605886203575496,1.4131728595498698
0.8877132445109123,0.047499534854010476,0.018847376874098747,0.091826984835168,547440654,0,0.11228675548908773,0.5669456768980169,1.5386426834563627
0.9977309596838133,0.05621571889856051,0.021620285141107802,0.0717555850995106,587406853,0,0.002269040316186688,0.6572685784163981,1.4952464299333388
0.8912028213766927,0.04298008312193245,0.027420580142679826,0.06454681109458352,524703195,0,0.10879717862330729,0.7203319353413264,1.2202709182642848
0.7443813434383486,0.07013387247526623,0.012517353724549606,0.07852054272811244,516217010,0,0.2556186565616514,0.530882564392057,1.3762346809515311
0.763515476767339,0.052131966282376895,0.019842804148126118,0.08015760369389456,492494152,0,0.236484523232661,0.6053839480920299,1.2407139951157065
0.835844221800476,0.038942953315140645,0.016813461264856028,0.05219556149693075,653843018,0,0.16415577819952398,0.4920410385576831,1.6648922251491196
0.958309789933233,0.04028385961489349,0.014980213139592507,0.1097822621665658,451789996,0,0.041690210066766986,0.4607397012514241,2.035753065623406
0.847200920760243,0.07170942717497814,0.019831937176481435,0.060492679454435,440847190,0,0.152799079239757,0.6834764522295412,1.221672225547781
0.8423763574090438,0.03198942265847261,0.02342753869395102,0.05001968079083198,436404049,0,0.15762364259095618,0.5965084645129108,1.388894643186158
0.8310545114607992,0.052789941622238025,0.019669336926870888,0.06951103727474696,475911701,0,0.16894548853920077,0.6045465050263699,1.3523053254124993
0.8312677300221331,0.0569822331361359,0.010531926665231072,0.09113106249067517,431657081,0,0.16873226997786694,0.43856746584916506,1.8531609920672545
0.7998426353769785,0.05123204806784486,0.01741785178056214,0.0932940549066622,551470655,0,0.20015736462302147,0.5532852278826222,1.4199602542100576
0.8292326918909116,0.04920358608754285,0.015761830356904576,0.06020084414895972,488717180,0,0.17076730810908836,0.512050951488263,1.5884133330797212
0.8428211444570218,0.055556044660034484,0.026115415335476625,0.06783546985110482,467215614,0,0.15717885554297817,0.7445324853496704,1.1170110774838755
0.8723974901055856,0.058831097771471594,0.01899254233026241,0.07641813429967688,572097250,0,0.12760250989441435,0.6151752376911346,1.3954447289490859
0.9832379555570061,0.05950307591973576,0.027770802103573872,0.07258834475198435,431748910,0,0.016762044442993895,0.7934283457504205,1.2238029200209999
0.8961657701744432,0.04001614560811709,0.013111912496228815,0.09374131591717833,494976213,0,0.10383422982555679,0.42230283235704463,2.073004623375421
0.8352813330917856,0.06085982116175033,0.02001847835923924,0.0916547516634773,341478713,0,0.16471866690821435,0.6438088518317862,1.277561982759281
0.7573308248645966,0.05513085420097293,0.015199768523602681,0.03835802593622026,581789890,0,0.24266917513540343,0.5245187872759454,1.4168460358973771
0.8891499648982334,0.05324359281721603,0.023659353521441478,0.104584295685941,465025238,0,0.11085003510176661,0.6861614416976937,1.2772180584002302
0.8504090765313969,0.05916327674702482,0.012231206169919679,0.07740965506273119,493391532,0,0.14959092346860314,0.48127723038649284,1.73101667232241
0.8152403018054147,0.03196860323744055,0.019522678764554637,0.062144249690162315,486862662,0,0.18475969819458526,0.5183279882408549,1.5430571916507323
0.8778065364289337,0.05808057798281145,0.026707379577654407,0.101395429099677,475576195,0,0.12219346357106631,0.7664699034843339,1.1305094150975608
0.8324719576952908,0.03643418195376595,0.019748976914791275,0.08388103887211748,470777235,0,0.1675280423047092,0.5407162661108893,1.5116167960211815
0.7645903656493924,0.03578189333258157,0.013502093815362012,0.09364138980125263,494238788,0,0.23540963435060758,0.4131694496375665,1.806818441889517
0.7381145940944687,0.04181801116577693,0.018343458084083386,0.08090445417999965,420820580,0,0.26188540590553133,0.5341412063447755,1.3564761967811512
0.9345697780975133,0.03423607843015751,0.019953498394306927,0.07327490522637856,640732722,0,0.06543022190248671,0.5360142816067686,1.7116214897297808
0.8489202220209653,0.053992231226052796,0.022381788846781096,0.08907017425108935,442442313,0,0.1510797779790347,0.6636047018398331,1.2602646918916816
0.8996537678040543,0.04307579020126144,0.022397207590430318,0.07827860614418214,341164809,0,0.10034623219594574,0.6202473126136521,1.4274614897970237
0.8328808924619593,0.04791883142727461,0.019204773947999743,0.07379384589230192,467316042,0,0.1671191075380407,0.5757708046690933,1.4218545646576917
0.8786229888278626,0.05125224502647908,0.029021740548933715,0.08370351073659828,512182861,0,0.1213770111721374,0.7854437910845906,1.1045695480630464
0.7764460612612958,0.047558433647093515,0.01822979644529488,0.08082651264541237,494459371,0,0.22355393873870422,0.5548296634942717,1.3746552481997438
0.8800558414676537,0.051200313267182614,0.026194731764697186,0.08898437442570069,487009992,0,0.1199441585323463,0.7286958883626742,1.1913642072901003
0.7279579863260208,0.053771003939021865,0.020426047248169505,0.0907525980589976,463011441,0,0.2720420136739792,0.6236049607194776,1.1489145941966783
0.791570669462629,0.04442508214992166,0.01657685087119998,0.07164180908468219,421455927,0,0.208429330537371,0.5092373460236863,1.5244871647320213
0.9205311805559561,0.06262584103427182,0.010401634219011718,0.04804801660809136,500066284,0,0.07946881944404394,0.45853604851732166,1.9646965979863644
0.9005926191244417,0.04377350638265548,0.01911612918442109,0.06435993014977925,532279385,0,0.09940738087555834,0.5574166092190437,1.5871805733074333
1.0,0.043943844602631364,0.01793267419438362,0.0901193110691173,514763997,0,0.0,0.5344288622981979,1.8367872632224151
0.8724793494188026,0.038966333938261266,0.017012449026541792,0.06744532187830989,575456550,0,0.12752065058119744,0.4961143162838809,1.7238780278434693
0.9443437747251061,0.06528468426412531,0.02195347960464072,0.05414749305695475,482457528,0,0.05565622527489389,0.7002083291493157,1.3296715005528543
0.7373990644225743,0.06615375689469442,0.014957226579618961,0.07870622789934963,541139139,0,0.2626009355774257,0.5637595591711568,1.2852057148952922
0.8893535337205204,0.04322284630247894,0.01535244569903795,0.06394351112098315,540996262,0,0.1106464662794796,0.47994029919067477,1.8152283761707917
0.8883183860597114,0.05436559804157668,0.019785883093442126,0.1260727750420958,527289335,0,0.11168161394028864,0.6131800540351492,1.4254602346589347
0.7799505397292195,0.060240625258114626,0.023951859480258558,0.0763369905789341,391516129,0,0.22004946027078054,0.7199996906376297,1.0684258496711956
0.9150813773895735,0.05597400069849858,0.013804464621730496,0.08946943798070457,544565184,0,0.08491862261042649,0.49998529522860424,1.7943289462481116
0.7614932020795178,0.06148765700372104,0.02195232424964445,0.07813226282200103,452454463,0,0.23850679792048224,0.6849971130077732,1.0956782234446503
0.6658463068211532,0.04390217095680618,0.0318193624730968,0.07838243004269077,564190842,0,0.3341536931788468,0.8119959332891608,0.8100360109530159
0.845656410678575,0.05985729995679863,0.01297216490410679,0.0842547955171532,498272468,0,0.154343589321425,0.49887249790933036,1.6618237655854846
0.8579721092070113,0.049358616534070074,0.023576906577206222,0.08145361048658682,463239948,0,0.14202789079298872,0.6689725976804047,1.2636328949623714
0.16935516677557316,0.13893181682905614,0.16763427063465092,0.19325440832615445,98980052,1,0.8306448332244268,3.908412680009243,0.04322034982164607
0.7164475775102902,0.062210336955253534,0.02087605709454256,0.0900548961498163,475614731,0,0.2835524224897098,0.6663624897118654,1.059265687272961
0.9287457918781267,0.049667700093555395,0.03109390116724067,0.06063908482979509,567542616,0,0.07125420812187333,0.8205488237190349,1.1182314216271898
0.37924484025716976,0.08539381622782861,0.029928648235253055,0.5255523935625039,366094638,1,0.6207551597428302,0.9401482296163755,0.3991428162848767
0.9150020657915359,0.046375590585968685,0.02132681174699814,0.049710593816384666,450415166,0,0.08499793420846413,0.6120385972838376,1.4709731354082172
0.9657582307482986,0.06612220628255425,0.028694256759266658,0.06287003525181602,532972562,0,0.034241769251701415,0.8383739603155501,1.1383638300132264
0.7120065733989573,0.0673596380316525,0.02414737420965874,0.0683280134730799,496046632,0,0.28799342660104266,0.7523860363197847,0.9339186966697071
0.9992619608915805,0.043118496548222765,0.018124018098380316,0.05525146723554855,526326834,0,0.0007380391084195193,0.5349543481604975,1.8336617815136367
0.9090773263996328,0.0668392769145787,0.01652643434455471,0.09220432339178446,510237944,0,0.09092267360036721,0.5978857945494089,1.4954738777429073
0.8561894646118094,0.04435752401342612,0.01753438588800114,0.08992398374726633,470533388,0,0.14381053538819055,0.5281178138137272,1.5910818089144037
0.7853361371715879,0.06826009713546936,0.021301402532914432,0.06543455595186774,461175042,0,0.2146638628284121,0.699068439200166,1.1075604183673051
0.8441736869874501,0.04775366850002976,0.018666738353827927,0.09787395378778221,464197828,0,0.1558263130125499,0.5643494410766776,1.4697910829423964
0.842315208022028,0.03398034188102832,0.016842111354173343,0.09646559831355411,519210103,0,0.15768479197797203,0.47276359460758016,1.7447778113979646
0.7881739828369942,0.04326509375756132,0.017816401319797025,0.04686753584644453,592832371,0,0.21182601716300575,0.5293884014261858,1.461236431397115
0.7678787760471152,0.05747910256117534,0.023725026564386405,0.08448469489070584,515262156,0,0.23212122395288481,0.7044169415324295,1.0748328201736226
0.8666150149730488,0.051150260791474174,0.017212884734458395,0.0717517236356704,480006088,0,0.13338498502695117,0.5488587378550646,1.550687063244591
0.7958462399755233,0.05494030186282739,0.016709417554623716,0.07422902608248591,523013581,0,0.20415376002447672,0.5539495585437839,1.4112011046352035
0.8486861683141798,0.033165618077790504,0.021460963641631865,0.04934598880220138,465930988,0,0.15131383168582024,0.5618817451437993,1.484023883470486
0.8242891326677605,0.04697530313511872,0.0202488684359048,0.07702061380465407,525162603,0,0.1757108673322395,0.5928785812585708,1.3672556270733194
0.8010785757606441,0.051895816165987436,0.0219316165890578,0.10857715415627135,456586951,0,0.19892142423935588,0.6462155964451057,1.2207551604995366
0.8454443501023146,0.04564513629430157,0.020617738479777912,0.0778732599493737,505589957,0,0.15455564989768544,0.5949353147727645,1.397578103734767
0.8636692350502353,0.04064561297955405,0.029812935952653975,0.06755930388891238,495954133,0,0.1363307649497647,0.7588411709712957,1.1233389517358197
0.7945672323791476,0.049011103468088575,0.022612570526328788,0.05849375213901524,423641607,0,0.20543276762085239,0.6482958243989301,1.207006338077023
0.9339207380669511,0.05489187130147664,0.025454902125929834,0.10905233490972359,427739736,0,0.06607926193304892,0.7286655277245032,1.2643350786166256
0.9234289557643821,0.05833528961608925,0.027555774651236736,0.08596316931981052,510533423,0,0.07657104423561789,0.7844566514890917,1.1623402661851352
0.8514747146452314,0.04464036554885952,0.02505731517704178,0.08993747181015194,510530041,0,0.1485252853547686,0.6797077657362738,1.2345441895036064
0.8528210841577383,0.037757017637106344,0.023713412091798614,0.11794577389546224,592468107,0,0.14717891584226173,0.6252963123843976,1.3423989208388845
0.7865701734190125,0.032392372408441825,0.027436230776679636,0.12105944049003325,514436400,0,0.21342982658098753,0.6782941051673601,1.1427820861951976
0.9653018631252892,0.06091310120594269,0.02173838241769168,0.07568664724904736,493393170,0,0.034698136874710794,0.6784200531776043,1.40219893169825
0.7311551701570422,0.04108807774584713,0.024070758810591335,0.04413787094930847,487612379,0,0.26884482984295777,0.6457674871952153,1.1149609952214432
0.9738004161064049,0.05793488720552213,0.014488539250817884,0.07985910029038891,465649295,0,0.026199583893595113,0.5215103338384461,1.8321382560407449
0.8604592461828873,0.06236093175210437,0.01959238663449177,0.09292979075451542,546470499,0,0.13954075381711273,0.6412914596982529,1.32115849727485
0.43030126529642604,0.06078117735236016,0.03408418505715491,0.5530136619499408,374433260,1,0.569698734703574,0.9248084105525388,0.46030957834674074
0.8948627621094587,0.04570594458874747,0.019045481041363506,0.08850889728368344,445489579,0,0.1051372378905413,0.56373339918226,1.5597187881774064
0.9129667682993962,0.07290942572590742,0.021232523892160026,0.08911808390341405,523991351,0,0.08703323170060384,0.7162881807468302,1.2570310139986134
0.8170498427102026,0.05367365506816178,0.022673145430612177,0.07935438777901059,484976702,0,0.18295015728979735,0.6681575288848907,1.2048083342135796
0.787735621967815,0.06838183676795123,0.01757347082316066,0.03367712274062247,500967203,0,0.212264378032185,0.6249967635350181,1.240534861284177
0.8020499981636982,0.055366527525272866,0.02088410436069699,0.09139520714397294,553596493,0,0.19795000183630185,0.6391481973150313,1.2355422097466964
0.7936525047565792,0.0563472146856177,0.030061352228503826,0.061673581618531606,533313483,0,0.20634749524342078,0.8266159033125473,0.9486462086294843
0.8961245570444613,0.04879051851392219,0.018845668130776157,0.099556310993724,476941513,0,0.10387544295553874,0.5720754366712119,1.5395333673058627
0.9627477952148463,0.05076851882958768,0.02422578985592161,0.08538589505161467,490807305,0,0.037252204785153675,0.6875898724367829,1.3801057516099369
0.8050026579284586,0.06695051040430754,0.016267108267298807,0.07004858323229586,451259671,0,0.1949973420715414,0.5931442069632062,1.3346769290574756
0.8823240685451631,0.03960094072874469,0.028213364766279815,0.08722834634546206,512156172,0,0.1176759314548369,0.7226710582405751,1.2042567515413567
0.8173539701582758,0.04718672442881787,0.017959495804198897,0.0810332195370216,471467978,0,0.18264602984172418,0.5479368137992494,1.4649579485399702
0.8038477075470077,0.04246582129653817,0.025176246673618764,0.08278120797306836,529264971,0,0.19615229245299226,0.6733882186585279,1.1762680210158414
0.8389388559063052,0.059246336829127694,0.019277406646422413,0.06279229978440996,498439825,0,0.16106114409369476,0.622533480244959,1.3263153368283562
0.41328833390144815,0.4638543249026652,0.26996383264551,0.09418705028910634,312190520,1,0.5867116660985519,7.254693952520861,0.05688998553862498
0.14905657805613604,0.20193508895301898,0.10988067602024289,0.16780015903331313,106544310,1,0.850943421943864,3.005353876216934,0.0494325323577419
1.0,0.04252788320852177,0.020428435807016795,0.06486472045968147,585952030,0,0.0,0.5786802489744229,1.6987150524281445
1.0,0.05496699223236522,0.017722302369880646,0.11056062718775665,390437307,0,0.0,0.5743140163270738,1.7114085441350138
0.832426248972999,0.04651347865592141,0.020002639794282986,0.10401063316947745,531683051,0,0.167573751027001,0.5861067105093454,1.3964383126332023
0.7749739968067901,0.05040591691203883,0.022362031389401887,0.06646009723082938,468684236,0,0.22502600319320987,0.6488642954361931,1.1762270351798743
0.9158035929682551,0.045168135377006265,0.0253010495374944,0.08117968443179195,459530958,0,0.08419640703174491,0.686693532257913,1.314499920790464
0.9020160942366928,0.05269126941245108,0.02320239897600412,0.06806051426557852,504141628,0,0.09798390576330718,0.6748130571698867,1.317171284619538
0.7243820224087635,0.036799774887792944,0.018575622533151648,0.08943084760836412,539131491,0,0.2756179775912365,0.5187115502142048,1.3700892710123012
0.8538817302355861,0.05088406886291848,0.013244628168959893,0.0900048093887314,532888158,0,0.1461182697644139,0.4684288388308718,1.7847622487018173
0.9048841167998751,0.03896791634278317,0.019689044915003444,0.10769064095187812,457783798,0,0.09511588320012487,0.5496525636712015,1.6168676345624653
0.8075793905302047,0.055655096456315445,0.0234102603285631,0.021411026199954643,563382575,0,0.19242060946979533,0.6908255923965237,1.1523257701943055
0.23894488997711388,0.16102531231621806,0.10979678372699565,0.16403145806018374,112025765,1,0.7610551100228862,2.8400369238047856,0.08383922607505155
0.8679273985448334,0.04972695460490068,0.017320992684738513,0.06948240648209593,473718453,0,0.13207260145516664,0.5453276721143729,1.5629104079043241
0.9274915992426311,0.04962777763490159,0.021502371798054143,0.09519424590968337,571025214,0,0.07250840075736886,0.6285585465006892,1.4524769957669497
0.804902035775682,0.05170416222375488,0.016698394302632764,0.11592721645853928,484132475,0,0.19509796422431802,0.5407845349476748,1.4613737036973065
0.8617370949146658,0.06598647170504718,0.028623483248805544,0.09421098204595571,443997628,0,0.13826290508533423,0.8364155517962996,1.0181016795897124
0.9460971137731156,0.057368438970924335,0.01552326838818488,0.09916771639684085,539592965,0,0.05390288622688444,0.5399391236473949,1.7203669880736212
0.8685639949886109,0.035151020315500964,0.025485763558768477,0.11256937109544643,501365668,0,0.13143600501138908,0.6503193524373734,1.3153695886430772
0.7918290259340105,0.04388230909094715,0.0187191012375231,0.043377102433233,498788358,0,0.2081709740659895,0.5499112611142506,1.414204501545892
0.840821084682648,0.04796419639897639,0.02292206490236242,0.13736806111333538,544603379,0,0.15917891531735195,0.650298083643154,1.2733962213603127
0.6969375804273761,0.043108121819104325,0.015300484494455677,0.05205763629774018,509934000,0,0.3030624195726239,0.47844217716553084,1.426857902550023
0.8516803073306207,0.03688163767649841,0.02210793305307228,0.08832892076202906,550296225,0,0.14831969266937928,0.5896852117674392,1.420212289078268
0.9105590893316281,0.048171035588951604,0.01061723646979063,0.06352129026056001,489201973,0,0.0894409106683719,0.40502887175161906,2.1939656522897697
1.0,0.06561511196726853,0.01537883427865848,0.08156286125939295,428366435,0,0.0,0.5700371334422437,1.7240275533145213
0.8508186448815669,0.04683591550305198,0.020170762087440123,0.09442270725091163,446013183,0,0.1491813551184331,0.5907589037610104,1.416239758670366
0.9157648127995592,0.06384272818510518,0.01594571244394831,0.0722015258688111,485131196,0,0.08423518720044076,0.5742851616193869,1.5673251229955136
0.8460429032278053,0.048714624885610694,0.021478122443735474,0.06771353711807411,459681153,0,0.1539570967721947,0.6244209484171523,1.3335670982155283
0.9672519015137243,0.055228354880355,0.02029966315133164,0.10400523499477658,608496829,0,0.03274809848627569,0.6269066825480528,1.5186713030613364
0.6342490685646742,0.04812855734995451,0.018147459507049855,0.08517322295710776,430363226,0,0.3657509314353258,0.5554634195408151,1.121644737125023
0.8565827191420339,0.047888697611723055,0.02196898649108126,0.07204640612770792,531380314,0,0.14341728085796612,0.6309345202685174,1.3364590173473125
0.7894919403772557,0.05224684725751886,0.0172522143204571,0.059788035601421735,498303738,0,0.21050805962274433,0.5540316754392174,1.399729793122824
0.2123957911752254,0.12246071686167792,0.14319679932776688,0.28806973706983335,107508727,1,0.7876042088247746,3.3537788540020492,0.06314201985143225
0.7979485944702538,0.04829815377475072,0.01457424736721101,0.06996431614376936,489296615,0,0.2020514055297462,0.4846775624432231,1.6130680973868485
0.7765078442812641,0.05233216131263502,0.015377670059352228,0.06943405906674041,440683178,0,0.22349215571873593,0.5168820464375846,1.4737792823488256
0.9192604155336097,0.03985243269307133,0.012178791941444743,0.10117457059767758,534934440,0,0.08073958446639029,0.40298556960118015,2.225889917706662
0.6869500371857716,0.05066990717224872,0.015020923026048856,0.08458149376411406,542623432,0,0.31304996281422837,0.503098089209972,1.3388278998338956
0.993564629081423,0.06395683810789957,0.015451582915090831,0.10383798668827146,449276013,0,0.006435370918577044,0.5648590107334148,1.7283622775849272
0.9196899762745354,0.025757597397270585,0.015372876869702064,0.03620156590042894,455183367,0,0.08031002372546459,0.41048792698312364,2.1871971042618004
0.3571849198055695,0.06201652905129254,0.027819222792462572,0.593736471674227,384123969,1,0.6428150801944306,0.8044505720544216,0.4385593577576889
0.8307739681473492,0.04535382702701607,0.02234633794904263,0.12970379833357784,460193159,0,0.16922603185265084,0.6283420670889168,1.3014557726643259
0.8865402575323027,0.08137748533659994,0.01881722356390527,0.07520996155956501,553004486,0,0.1134597424676973,0.7018544126245052,1.2453954654347872
0.7288122220251309,0.04031655545136365,0.0229427663488536,0.11659240403432175,496843849,0,0.27118777797486915,0.6201215487825266,1.1566216445593505
0.6988367415243575,0.04611481546911114,0.020528768956357402,0.0838315479238818,431308258,0,0.3011632584756425,0.5950346410035926,1.1550359172247922
0.8352078290845608,0.05179581781939598,0.026644666597677048,0.07554558598446787,476543457,0,0.16479217091543918,0.7400766032311249,1.1134967088517544
0.871636546062387,0.03858310885866495,0.02240933030859246,0.10441642597626095,440650330,0,0.12836345393761295,0.6025190416065089,1.4230358353860597
0.9815974170801027,0.042151016869177604,0.02151909297802438,0.06565967701744127,542290143,0,0.01840258291989727,0.598985927037198,1.6118556661164765
0.7834115541516616,0.06392465300064329,0.01641040554626199,0.0520842159561503,543537332,0,0.21658844584833836,0.583906722927813,1.3190818084860814
0.7895693654117342,0.055010941699398457,0.014244929581902464,0.0835695332777078,445693685,0,0.21043063458826583,0.5049423584356431,1.5333160158165813
1.0,0.03006264357428545,0.012744121549742205,0.09277320337286205,510476711,0,0.0,0.3751330052919859,2.5965055870551965
0.8319378959610771,0.04426299996061421,0.02138688468979096,0.07073677275829202,428815868,0,0.16806210403892285,0.604789693638276,1.3532072911595763
0.7541697685928921,0.05673181351269958,0.022360011354596372,0.05656691305364876,533102591,0,0.2458302314071079,0.6741274811427258,1.1023819235169032
0.8659247756458776,0.07319329539981695,0.023396866414782516,0.10340397418393207,470078120,0,0.13407522435412245,0.7607105098949181,1.123540894445492
0.9393836665270502,0.06374438093170817,0.028736815989577794,0.06777229505222744,430535063,0,0.06061633347294981,0.8297138435183885,1.1186949861289015
0.8620315029180966,0.05299292580406492,0.01620752332649965,0.06872105023883514,479781900,0,0.1379684970819034,0.5361221697462527,1.578459089691646
0.8252662301225089,0.03415864056994511,0.011118768332667742,0.09027228928462193,420205301,0,0.17473376987749112,0.35900992893313527,2.236433671333671
0.8094445459703096,0.06190646274786342,0.0173698257866621,0.104600011454383,551255457,0,0.19055545402969043,0.5950223667246957,1.3378754083956577
0.9949958846397543,0.05551485376040468,0.019017667082859513,0.06894158325265395,539835096,0,0.005004115360245698,0.602412756698809,1.6247144981160209
0.7259469255147094,0.05321357215450273,0.022192378694048637,0.07821531691557103,487846940,0,0.2740530744852906,0.6567018624989837,1.0888629031178325
0.7861362204369237,0.04785078969711265,0.02229193351775742,0.08315522878587539,568005795,0,0.21386377956307634,0.6372418291435991,1.2145942753377101
0.8763000887727748,0.052387891590265134,0.01926109840591264,0.10437941579587326,503990074,0,0.12369991122722523,0.5947735344793134,1.448972282702872
0.8490202581722468,0.06530750832343697,0.01853016526167909,0.09827543242771172,534068116,0,0.1509797418277532,0.6318333385273296,1.322804857909535
0.899133336003474,0.06669904504351407,0.016183569479107093,0.07176353262072685,542503966,0,0.100866663996526,0.5904675697561981,1.4973886705797288
0.7772490036164209,0.0618703030556038,0.02392302143949012,0.06775666165690358,493134451,0,0.2227509963835791,0.7259416410122177,1.0561285845266057
0.1834149239771255,0.1309377035931379,0.09948263788061047,0.18713456223181782,109720569,1,0.8165850760228746,2.513403571984761,0.07268552918503722
0.8662338416681039,0.048656912585294525,0.017343928526962007,0.07096101256176245,476210227,0,0.1337661583318961,0.5415062208804182,1.5706692125525947
