ipc,l1_miss_rate,l2_miss_rate,branch_miss,instructions,label,stall_ratio,mem_pressure,perf_score,anomaly_score,predicted
0.9186127698561616,0.0554146272820478,0.0234178466160023,0.0885663338475047,487546407,0,0.0813872301438385,0.6900154414482392,1.312275009185045,0.3793771788454014,0
0.8855410649188832,0.0474109502629592,0.023062343970068,0.0769657113284554,475854508,0,0.1144589350811168,0.6508906804531971,1.3399206421123009,0.3639704554426977,0
0.736219703232186,0.0593259083187309,0.024297939434899,0.0696956321238351,420262202,0,0.263780296767814,0.7232624219729038,1.0040330462473794,0.4110832655855146,0
0.926033907054884,0.0503200414906576,0.0244509920556239,0.0972327224899588,507291823,0,0.073966092945116,0.6903000070751093,1.322338851491064,0.3835147764102645,0
0.998182254760715,0.0333141592612241,0.0151322690014776,0.066835031753323,429188647,0,0.001817745239285,0.4359020170744496,2.2385686014828106,0.5378959792424711,0
0.6846046319968099,0.051810215587037,0.0135386865244719,0.0828196539922412,527594298,0,0.3153953680031901,0.4780145928375864,1.4028363947400433,0.44309305223990886,0
0.85465669747568,0.0522391413406466,0.0167925654547784,0.0725536189412415,349618383,0,0.14534330252432,0.5448078744581555,1.5404552401322118,0.36689018063280415,0
0.959490524602588,0.0303364341062399,0.0225712737800891,0.1012788197512171,443360752,0,0.0405094753974121,0.5727712120267434,1.6464274569529642,0.44188065690837036,0
0.8639662250265471,0.0394658443682634,0.0231919596280419,0.0914478062235135,567829169,0,0.1360337749734529,0.6217025700338921,1.3676788191319114,0.3768332578364868,0
0.8469892238060122,0.0446467181404607,0.0218382464649571,0.1002527481928814,504063921,0,0.1530107761939878,0.6153518018609853,1.3544203779144088,0.3664298283665041,0
0.9434225649327844,0.0412201741324343,0.0293548258768589,0.0869341995520984,543641217,0,0.0565774350672154,0.7519772140669159,1.2381243789396756,0.4287241476777133,0
0.78777466499273,0.0467767953078866,0.0101868715416371,0.0814574819603103,451867449,0,0.21222533500727,0.3908446120642885,1.9652868999181767,0.4585694384156815,0
0.7546957202237881,0.0598176548699159,0.0264082189750188,0.1065728165649646,467508655,0,0.2453042797762119,0.7674349989800406,0.9707508939189958,0.42750749532236665,0
0.8300771168354897,0.0564828043384385,0.0236078125256307,0.0543083146860006,525703127,0,0.1699228831645103,0.6980874678663687,1.1722804801738749,0.38340392633627074,0
0.9277256760763484,0.0416079033266099,0.0197826152509306,0.0883641151177594,547293482,0,0.0722743239236516,0.5620839183250536,1.621660120760853,0.3905046278475716,0
0.4050711085489196,0.0640023585552677,0.0230970064705017,0.5787704528800965,415543051,1,0.5949288914510804,0.717949563631106,0.5564549094972636,0.6768219460727071,1
0.9080613299118954,0.0424820894990481,0.0204099777820678,0.074316898041424,358124677,0,0.0919386700881046,0.5781279136375487,1.5439861105989183,0.3791512772959377,0
0.8662770908693779,0.0460036381438539,0.0161667170610832,0.0787163167742236,527669449,0,0.1337229091306221,0.5073488937970811,1.6744543213600769,0.371394553760534,0
0.9045513191701048,0.0497359424304107,0.0062624757863738,0.0787184447170256,531622710,0,0.0954486808298951,0.3241932854491195,2.706671134802981,0.5553329613645884,0
0.9979164875956276,0.0557963317321357,0.0154612190992653,0.0881610569367351,487569207,0,0.0020835124043724,0.532409708913851,1.839783601207852,0.45284992708186983,0
0.7539762874355379,0.0435072245493399,0.0280860628748431,0.0765439652520707,501260543,0,0.2460237125644621,0.7357501556942221,1.011030680555015,0.4240464234909909,0
1.0,0.0413382515178549,0.0158136878447514,0.0707412097594948,473526651,0,0.0,0.4816267629664499,2.034063389808262,0.4770491828656381,0
0.772641908549663,0.0437328277541003,0.023662460513899,0.1430411346902417,514338705,0,0.227358091450337,0.6481805212943816,1.173905765290928,0.4372906086895781,0
0.8163850546323314,0.0490141186771573,0.0247572463852904,0.1036378218591992,546175430,0,0.1836149453676686,0.6912014024144383,1.1642661463900137,0.37526553477395513,0
0.8514734703351641,0.0579426467962182,0.0201911899748001,0.0740503559825229,470179429,0,0.1485265296648359,0.635594386680876,1.3188985033044538,0.3634097815182442,0
0.9280436101697888,0.0462938566791389,0.0209679495568377,0.0720863857648747,488149401,0,0.0719563898302112,0.6045344178533102,1.5101572559786447,0.38433253070809353,0
0.833350219971418,0.0538857860453096,0.0286944983189878,0.1083706269029607,525430418,0,0.166649780028582,0.7894331105609965,1.0424264506465342,0.4222575443755989,0
0.878911648440673,0.0495307942112081,0.0248269874229558,0.054613390069066,528600313,0,0.1210883515593269,0.6946629253039498,1.2472795387405442,0.38313343480654066,0
0.8123169355505342,0.0594955413544132,0.0092332854006437,0.0607058914849857,467305080,0,0.1876830644494658,0.4226478734305285,1.8775475055720348,0.448778767067993,0
0.8321229771739319,0.0401037186342966,0.0089406904433524,0.0643960174176507,476062071,0,0.1678770228260681,0.3392286834042358,2.3827452231658213,0.5271434758270653,0
0.9545714203425942,0.0637570681331162,0.02025443850928,0.03745545159297,581917986,0,0.0454285796574057,0.6601170427180666,1.424484619090943,0.450981995115218,0
0.7781268262921314,0.0545997214293911,0.0107690606888095,0.04846007035618,525744179,0,0.2218731737078686,0.4337800994937553,1.7534063090701544,0.44499505289195684,0
0.968395531111202,0.0755819928566825,0.0165513611296791,0.0757308644129912,452121552,0,0.0316044688887979,0.6333551940203128,1.5052268795091543,0.46710738596525647,0
0.976365771658457,0.0390960092255715,0.0262344585776736,0.0564765332689043,504225257,0,0.023634228341543,0.6810732084557581,1.4128253847956298,0.4392359956417522,0
0.8163483741787713,0.0210374462180631,0.0154897422282124,0.0971111131804142,461058147,0,0.1836516258212287,0.3939446294365014,2.02094127434636,0.5073543077370346,0
0.7374671122521422,0.0600104609256714,0.0189776438950693,0.0505173573591578,504890664,0,0.2625328877478577,0.6195947216040736,1.1713362373388911,0.4090791216419266,0
0.8375458211686336,0.0479632624982303,0.0106003780743047,0.0486428114926908,541967455,0,0.1624541788313663,0.4038606114790168,2.02373890613917,0.4536862456737376,0
0.952213191663074,0.0502818115736912,0.0230336152956809,0.0906401239764388,468498751,0,0.047786808336926,0.6617995522083835,1.4174067078980572,0.39781775623411114,0
0.970271864141372,0.0572509578684799,0.0193864553320213,0.0910629831275841,488947876,0,0.0297281358586279,0.6167329381143475,1.54814244654291,0.41576483446980883,0
0.8976125620349531,0.0552969275435673,0.0238946825175605,0.0619186342052799,494636761,0,0.1023874379650469,0.6990813605254806,1.2658809157947082,0.3821392762858192,0
0.8523804911596596,0.0502131164867194,0.0215055366959587,0.0596824234602004,536959024,0,0.1476195088403403,0.6309631998660519,1.329843103844011,0.36724892748250415,0
0.8656676204078145,0.0477653401762814,0.0261543725657736,0.0971602839060429,440551829,0,0.1343323795921854,0.7141488120205994,1.1954277988695912,0.3781616132706456,0
0.9901816354738898,0.0652131605192245,0.0121759861431897,0.0769951402240348,555291653,0,0.0098183645261101,0.5043723649406926,1.925028837013937,0.47848171484754826,0
0.7614779273006663,0.0464683370718931,0.0251529029281202,0.0634869263439571,531170356,0,0.2385220726993336,0.6889314068499782,1.0894887822148094,0.39261854917631245,0
0.8569637654590537,0.0344341810134024,0.0230788557488557,0.0955031098806956,481844166,0,0.1430362345409462,0.5993138390307242,1.4064406723836809,0.3914429684571356,0
0.8671274995304163,0.0439863235604878,0.0301215481164342,0.1256330367307768,564204789,0,0.1328725004695836,0.7783762565706367,1.0998904296057066,0.45148179200964345,0
0.923232169416166,0.0603028345403184,0.0174592990117634,0.078868230222002,542979243,0,0.076767830583834,0.5903973183965426,1.5377020201919047,0.38732058090563104,0
0.8057080555722254,0.0628975275408274,0.0224984255515146,0.0803763809948119,422424387,0,0.1942919444277746,0.7015586211936032,1.132314375196089,0.37772640786372147,0
0.1479364806878667,0.0946028085658674,0.1164941094019197,0.2542282552330779,108193732,1,0.8520635193121333,2.7082934223018644,0.0544225577246894,0.700693449169925,1
0.8142853108359577,0.0483185618141521,0.0204903376976947,0.0989918914272897,567555704,0,0.1857146891640423,0.6030810012105029,1.3281855239816358,0.36749789435341595,0
0.4334954904149281,0.3699073632561268,0.345774476023298,0.0870233093525416,332151566,1,0.5665045095850718,8.395118973490469,0.0515751760066885,0.742776798283476,1
0.8338245878052885,0.0547469823287995,0.0244382771293691,0.0799937265477645,476770946,0,0.1661754121947115,0.7077534719025818,1.161714461087916,0.3705879780233942,0
0.8520872840168667,0.0616187830260819,0.0227906975725925,0.0833611961193364,520738644,0,0.1479127159831332,0.7022890835561783,1.1962660999417978,0.3732299598256638,0
0.7915255968046464,0.0577966053226934,0.017076911346714,0.0504615014493619,511643404,0,0.2084744031953536,0.5727246482250536,1.3583183742365947,0.38581533732132184,0
0.8408368123797906,0.0620041390794442,0.0210363366469947,0.1254289949084559,554002802,0,0.1591631876202094,0.6687432892576715,1.2388141815728266,0.4111718311092034,0
0.8587515835683914,0.0529875290836568,0.0163291310061075,0.0602839238266434,557301378,0,0.1412484164316085,0.5385327364567779,1.5655429958756115,0.3750139878906374,0
0.7089567875709812,0.0638009135414745,0.0207759534192948,0.1039449384729045,519665352,0,0.2910432124290187,0.670722722551796,1.0414766013882208,0.43274475403156315,0
0.7585623761735502,0.0636414042997384,0.0224393614243553,0.0887462637407792,528558970,0,0.2414376238264498,0.7033528456860612,1.0633761129024573,0.40135636243004524,0
0.814456539193911,0.050207937076754,0.0260003947821343,0.0867228992605245,521089003,0,0.1855434608060889,0.7208396439497025,1.1144120956442851,0.3776530247167845,0
0.7355379918305561,0.0613377009686706,0.0213502867919571,0.1058128892184509,572637777,0,0.2644620081694439,0.6723565397138248,1.0779379239759836,0.4061045187253139,0
0.8108448445985422,0.0376565112812007,0.0169656741107141,0.043124128330385,457380661,0,0.1891551554014577,0.4899395273390855,1.6218858487030257,0.41475427244240687,0
0.934673958947967,0.0477874637641422,0.0256217667993525,0.0888839665458134,505124232,0,0.0653260410520329,0.7035851910436194,1.3098281335981832,0.3888315514100475,0
0.8347729057533113,0.0620836623059314,0.0186011991575208,0.0790382298533845,553842407,0,0.1652270942466887,0.6203586323741423,1.324282500279684,0.3746132098101867,0
0.958451028704396,0.0420080799334974,0.0140516667045481,0.0800136563791496,565584672,0,0.0415489712956039,0.4490656538249537,2.0878299666257822,0.46373983151860404,0
0.812926584575003,0.0631739406563432,0.0119622006781551,0.0781272762252165,501131542,0,0.187073415424997,0.4919397761884756,1.6195699626517617,0.4027595901177638,0
0.8972523864553847,0.0452616065292908,0.0180748909414356,0.082860975397579,511374793,0,0.1027476135446152,0.542544244945877,1.6238561792337056,0.37007881553095284,0
0.9496868153998104,0.047610679008303,0.0165161409078521,0.1005891496319671,532615307,0,0.0503131846001897,0.5207655341902547,1.7892774760679764,0.41841837739063126,0
0.9066685157839482,0.0546769317176543,0.0188522567231982,0.053344452050407,561499518,0,0.0933314842160517,0.5957528613345826,1.4967630755988413,0.3934065381992068,0
0.9752419223387472,0.0610095963499857,0.0278905902878109,0.0564126175673476,435471928,0,0.0247580776612528,0.8018501911561613,1.201258474731525,0.4628546931398614,0
0.8153953449744303,0.0419682104931965,0.0200168775329858,0.0824615640331236,518008209,0,0.1846046550255696,0.5682103926325023,1.410205273658368,0.3705003132432616,0
0.9158536467169532,0.0404487742065064,0.0209531779563251,0.0732175544145992,526161159,0,0.0841463532830468,0.5808586559525284,1.5500384694212483,0.3866082438722366,0
0.7885761947916697,0.0528712416520182,0.0186300345908534,0.0515405014947665,530986939,0,0.2114238052083302,0.5840856584251426,1.3273779355019286,0.38072223564948887,0
0.8898398632996359,0.0671170848014234,0.0172585635175469,0.0560941247280151,472697910,0,0.110160136700364,0.6136396095566337,1.426849497151493,0.41136380771348335,0
0.8472252090090575,0.0438756262535956,0.0187830801031249,0.0605975147924071,404434155,0,0.1527747909909425,0.5511641070768807,1.5097637185355226,0.3759826647909806,0
0.9006225492885027,0.039841781810216,0.0197343967349122,0.1184073500428852,499702264,0,0.0993774507114972,0.5540550619391096,1.5966926104560444,0.40577910290550656,0
0.7958270630790311,0.0649072613684995,0.0182148539959669,0.09148142441788,509971199,0,0.2041729369209689,0.6239261253933372,1.2553940139085416,0.38777392029809976,0
0.7643932186939077,0.0463038966395636,0.0142615430509216,0.0982694746403481,552003090,0,0.2356067813060922,0.4704464475766879,1.5910060789280718,0.40330338667643056,0
0.8956712408554534,0.0375613676460871,0.0137479613301514,0.1036698733377985,487182966,0,0.1043287591445466,0.4252046971873768,2.0580458957450616,0.4438280702113253,0
0.3358447303746952,0.0606807226924862,0.0325967937281894,0.6006303705785043,393658473,1,0.6641552696253048,0.8946587653337336,0.3712391271097675,0.6975756397238495,1
0.76718061420645,0.0538115838488277,0.0211970225026768,0.0724739855015,433343582,0,0.23281938579355,0.6391867854488489,1.1817563625790997,0.3757937042334245,0
0.8076191836986368,0.0474095785417929,0.0177337579548849,0.0409779627192275,556977776,0,0.1923808163013631,0.5443134732648706,1.456971952966995,0.40110535679466686,0
0.9450714618758468,0.0419412993350381,0.0190633549079681,0.0760743869722412,548391301,0,0.0549285381241533,0.5490322954995149,1.6905489530464286,0.40140494184086584,0
0.8748726052478404,0.0382988697394064,0.0252996819202331,0.0696120725634774,398188974,0,0.1251273947521596,0.6591891173622878,1.307362272560985,0.38103537421787226,0
0.8111709161736717,0.0416465294674024,0.0304986089458325,0.0652939307863609,516222930,0,0.1888290838263283,0.7765582967862612,1.0312915387047257,0.4303171306228375,0
0.9522141457518808,0.0716500234490108,0.0154124858949286,0.0633587739030028,375096949,0,0.0477858542481193,0.594849811694617,1.574298490866762,0.4509835099257296,0
0.8019826498272964,0.0539331783939437,0.0142560298242067,0.0826859299449558,451670605,0,0.1980173501727036,0.5008533100599093,1.5698883300437956,0.37685798008125704,0
0.8858166848013852,0.0522323891412916,0.0144685324379418,0.0837283233948809,525154518,0,0.1141833151986148,0.498300205324003,1.7427037713603597,0.3838215309251245,0
0.728145047617298,0.0408061540841357,0.0212612019821333,0.0732722610917772,474938294,0,0.2718549523827019,0.5884486559792108,1.2167210007780394,0.40381188232771653,0
0.9021113001044638,0.0589492437694444,0.0177395483358345,0.1104647724342451,407033161,0,0.0978886998955361,0.5905879417944696,1.5020469731861186,0.39107475844085576,0
0.8736896221651661,0.0507863519031609,0.023352403086206,0.100834493281177,529774544,0,0.1263103778348339,0.6701934693367649,1.2844722296688222,0.36845653414159146,0
0.8573408621228401,0.0650075979063431,0.019302768621595,0.0846804890870629,480582653,0,0.1426591378771599,0.6460857640572725,1.3067512040209417,0.3802081403035656,0
0.7373230962909152,0.0610969984195622,0.0251185477305349,0.0632615859240744,528898926,0,0.2626769037090848,0.7467589482889471,0.9743169842365564,0.4267822472579138,0
0.787339736613101,0.0618947048892464,0.0205092814763099,0.0990309954114808,497203977,0,0.212660263386899,0.6577644490831842,1.1790680646357996,0.38398145213537416,0
0.8912038149044839,0.035973947282003,0.0184347098473842,0.0980079717679012,457157406,0,0.1087961850955161,0.5125899860756968,1.7053595335739815,0.3930055668760921,0
0.7969900992843323,0.0477351590115016,0.0218374083273715,0.0606867039295358,524820005,0,0.2030099007156677,0.6276888025934372,1.2498104028846475,0.37636914221307743,0
0.7701316767408967,0.0510855970577652,0.0281297945768103,0.0875953527208179,462061737,0,0.2298683232591033,0.7669382797672673,0.9912391972391816,0.4151903957392883,0
0.8826602204571578,0.0498058039411226,0.0228144043008717,0.0396302427122272,447693945,0,0.1173397795428422,0.6555113017819263,1.3262888520357337,0.4023134521283253,0
0.7003366463179315,0.0343745414311345,0.0242922555832833,0.0844867931355616,572605884,0,0.2996633536820685,0.6233432773902048,1.1057773427449706,0.446339926897199,0
0.7758455622737533,0.0555832691252172,0.0221836927586675,0.0752377912737589,549881603,0,0.2241544377262466,0.6660069316742199,1.1476887675578562,0.3736625158111111,0
0.9106006168037843,0.0539467152982298,0.020189689177238,0.0826385593354391,520884037,0,0.0893993831962156,0.6195806447376795,1.4463605646313895,0.37208383170506126,0
0.8657488988695299,0.0604709830261215,0.0111546204755544,0.075867774406079,465555722,0,0.1342511011304701,0.4649763416155743,1.8227200452232848,0.41777778179381647,0
0.8018634710216482,0.0474262346257665,0.0240356129831865,0.0302334529317402,543111175,0,0.1981365289783517,0.6704171981667972,1.178487952953064,0.41327843515428003,0
0.7499109138891757,0.0432225502947514,0.0134389040328429,0.0866521502064839,563628508,0,0.2500890861108242,0.4416682818358653,1.6603134292296635,0.42774648199143667,0
0.9264113856400992,0.0670221494463523,0.0158408889588477,0.0548972925605321,475121375,0,0.0735886143599009,0.584906376962365,1.5572389564395368,0.43023359723423044,0
0.932479961799676,0.0444969484615458,0.0132706453826339,0.1146987315167361,449015234,0,0.0675200382003239,0.4434007014988617,2.05663546332651,0.46618321802333845,0
0.7360201451029235,0.0714227035861186,0.0134558980044044,0.1030780146851149,539179483,0,0.2639798548970765,0.5548087744325634,1.3031315702245738,0.4445989944893728,0
0.4743887410542169,0.2700302618902844,0.265326727590356,0.0575693970514994,295606610,1,0.5256112589457831,6.386655599368257,0.074161995074593,0.7217367732512426,1
1.0,0.054956818879726,0.0149890627210926,0.0558104612916239,423476929,0,0.0,0.5196085299407569,1.8881871107926869,0.4615818341863406,0
0.8440443267387066,0.0691403135386678,0.0230159371554117,0.0426036732093567,511592104,0,0.1559556732612934,0.7368799972629058,1.1300936292736172,0.4335648015277798,0
0.8026084860608904,0.0569638744745671,0.0347454721265436,0.0864594900723533,534523634,0,0.1973915139391096,0.9227649404291411,0.8604616782569366,0.48484607151967374,0
0.7958886158352584,0.0480266157969267,0.0217625248417843,0.0862221998228639,453026837,0,0.2041113841647416,0.6273569600233949,1.248732916960763,0.36602581204550333,0
0.8694671559458154,0.0494860627641151,0.0118476337814243,0.0544193852756042,521725132,0,0.1305328440541846,0.4348969266849465,1.9543114456295805,0.4242402244237064,0
0.971842388512642,0.0435306322229442,0.0184601923518048,0.1177537531468038,523631517,0,0.0281576114873579,0.543326375927873,1.7563637498446725,0.4527184575038094,0
0.8869682779410616,0.051417169136399,0.014570874355574,0.1071088560221099,494935964,0,0.1130317220589384,0.4970861636570777,1.7491470710703183,0.40014010692673435,0
0.8511143433530357,0.0516846097626961,0.0145403304980234,0.0801435693381588,484235167,0,0.1488856566469643,0.4975450490112533,1.67692374304722,0.3758993388416993,0
0.8947832358344832,0.050824397529345,0.0175639853940253,0.0892873972709314,637760887,0,0.1052167641655168,0.5545772979978875,1.5848728579905302,0.3716426863995889,0
0.9636403398391884,0.0600058231804297,0.0260897957615277,0.0726898812602946,559078385,0,0.0363596601608116,0.761819207952275,1.2485311714330574,0.42298142674202943,0
0.9060247903527192,0.0631491445358404,0.0231135561195013,0.0795544204163257,536095174,0,0.0939752096472806,0.7148677005333888,1.2499174534691329,0.3908423848142379,0
0.8468355876914676,0.0468094606433338,0.022865639066206,0.0767132958822921,524309239,0,0.1531644123085324,0.6445506238974553,1.293766374629774,0.360424512848789,0
0.3164824971428961,0.0492631134108224,0.0334458222853716,0.5155539594829841,404120574,1,0.6835175028571039,0.8659688993507235,0.3612942164698723,0.6880597323832673,1
0.9443552096577028,0.0463467844868789,0.0195828101510481,0.1194508435357961,541983193,0,0.055644790342297,0.5770433409684796,1.6086635240589648,0.4180614592352121,0
0.7982741692605979,0.0358163426706696,0.0180643467510524,0.110603903977267,521034981,0,0.2017258307394021,0.5045523057037273,1.5513955732232867,0.40384027352418167,0
1.0,0.0481952008640937,0.0229939719478095,0.0938571151163562,502793196,0,0.0,0.652660242412566,1.5090689556978272,0.43846442389990803,0
0.8679030361311119,0.0479077812625547,0.0166611022176555,0.084860094441088,521610834,0,0.1320969638688881,0.5248531694033303,1.622694013572593,0.36853933411562534,0
0.8721352639464015,0.0424603541113332,0.0158242854918498,0.0599556596214655,491231077,0,0.1278647360535985,0.4863271262823306,1.7571783160010002,0.3933938676492509,0
0.8649287298525086,0.0437915240174888,0.0233432740237895,0.0909663925510899,481218316,0,0.1350712701474914,0.642031576545746,1.3265135630924858,0.3688403497152786,0
0.8765010745122851,0.0554360015459443,0.0213128066450096,0.0559570094784782,548099359,0,0.1234989254877149,0.6480001390839698,1.332068220733965,0.37470285282413046,0
0.750177345442812,0.0358628550309502,0.0259625375623898,0.1188243487292749,524678010,0,0.249822654557188,0.6627021713715984,1.115170096616823,0.44029235923158483,0
0.7543034700735463,0.032602862212219,0.0194838912353375,0.0694133577510325,515926050,0,0.2456965299264537,0.5200892735556264,1.4229744077143476,0.4117312369850938,0
0.7171231253187207,0.0634045044602314,0.0209071331005698,0.1060655607463212,491487087,0,0.2828768746812793,0.6717606798523229,1.051869294477437,0.4301022794657641,0
0.845237971515056,0.0507600539141241,0.0220214737748084,0.0809200549450654,485660288,0,0.154762028484944,0.6434696911526662,1.2934616294508263,0.35739539655453106,0
0.7367703406359668,0.0599801010985965,0.0218820476304875,0.065862148640253,424988906,0,0.2632296593640332,0.6775613570041378,1.0715703160605825,0.4004838676778491,0
0.2219873274516104,0.1666806629052687,0.1221433983051919,0.2180063889723283,94001779,1,0.7780126725483896,3.1095906177249133,0.0711591213893006,0.6945930775163516,1
0.9003703073538889,0.0532169780619601,0.0124845984912009,0.1027462908472945,460373827,0,0.0996296926461111,0.4625598820718587,1.905304156176711,0.4263260207464292,0
0.8603376945580182,0.0819310756784486,0.0233417024435904,0.0946927509091866,484517514,0,0.1396623054419817,0.7945583515856025,1.069329145440461,0.4421786382213565,0
0.8288274533409635,0.0401140889284908,0.0301180310961481,0.0995062491695595,590670384,0,0.1711725466590364,0.7628169776369272,1.072475731414832,0.43140451492331733,0
0.6740955234703934,0.0489405164569586,0.0247765027911887,0.0952169330862295,556118710,0,0.3259044765296066,0.6912921216516099,0.9612193017124362,0.4489067046920336,0
0.8440453256719963,0.0457069777548274,0.0196911790006993,0.0384882398184293,445236474,0,0.1559546743280037,0.5766514910332967,1.438750840273737,0.4003248420388298,0
0.7515308546852836,0.0570117274231089,0.0126623736712377,0.0746471781820241,500211492,0,0.2484691453147164,0.4812943831171918,1.529695597000171,0.41271576671698035,0
0.8130179769035966,0.0348628560738717,0.0149797270157899,0.0831892501360825,464604452,0,0.1869820230964034,0.4390459646112858,1.8105451133658024,0.431760681032793,0
0.8303689507197703,0.0559475434166528,0.018829900704465,0.0780675265997022,549318825,0,0.1696310492802296,0.6003881877559133,1.3603948558909935,0.3649391232285381,0
0.8442391902735733,0.0370531852427909,0.0078059142086178,0.1150986614329448,509466415,0,0.1557608097264267,0.3043310251435208,2.685828387090014,0.5861248359824991,0
0.9513528919349298,0.066725723868377,0.0244344369504865,0.0623786332667741,458196892,0,0.0486471080650702,0.7555916344832382,1.2426375225182251,0.43302453424778536,0
0.930282631831362,0.0616082678737852,0.0193286041890684,0.0803680326156687,514862213,0,0.069717368168638,0.6330051552765104,1.4467732088886818,0.38896714798327825,0
0.3576535910142781,0.0604607922163315,0.0296518327334994,0.5104576435066813,399673985,1,0.6423464089857218,0.8348798235353153,0.4233188922866123,0.6662067778023725,1
0.8693569817252828,0.0707526087262526,0.0161542882510635,0.054256728628315,450750343,0,0.1306430182747172,0.6060961999262808,1.4110734359817605,0.42026340146652147,0
0.7170783950184831,0.0323156063443714,0.0153680943500923,0.1171540468707546,547260576,0,0.2829216049815168,0.4366243123793321,1.6055516351054482,0.4907788590861845,0
0.8395885556505852,0.0481302869701455,0.0144992288351415,0.1264008144403451,483172370,0,0.1604114443494148,0.4825057245834127,1.704728521400951,0.42238767804752647,0
0.8497117968727546,0.0595312504537608,0.0117255628188585,0.0848576402630055,528242117,0,0.1502882031272454,0.4726362581922139,1.7605635350636044,0.40395994725497014,0
0.8728692312579924,0.0603254620434165,0.0158070710077638,0.0863904934156591,509545826,0,0.1271307687420075,0.5574432683289432,1.5382493369398749,0.3763137683461638,0
0.8688491646486852,0.0338486818409449,0.0273208861937621,0.0633609016501109,441151894,0,0.1311508353513147,0.6818124512390235,1.255902756726324,0.40395870067227796,0
0.92800957867342,0.0514866745720211,0.0244519158175989,0.1079918929029158,523651914,0,0.0719904213265799,0.6949850146400631,1.3163536236968445,0.39448456129297865,0
0.8378571923971533,0.031637946268967,0.0239169525464129,0.073397598120671,477118337,0,0.1621428076028467,0.6048908360041276,1.362611285349403,0.3979584955380996,0
0.8675320262131151,0.0723130014619263,0.0217922680910481,0.0843706808482189,566263804,0,0.1324679737868849,0.7250973676686674,1.1801593426520611,0.40603949349800733,0
1.0,0.054865016438262,0.0283724621667376,0.0851595196244236,446166043,0,0.0,0.7869093090878019,1.2548479338817988,0.4646829989164059,0
0.9156385744957892,0.055462842480037,0.0207062857004373,0.0938571516847487,458896199,0,0.0843614255042108,0.6359770839288943,1.4174474563815609,0.37627880061949165,0
0.7811669307772838,0.0551360010656971,0.0248790835967235,0.0935789397552446,510834155,0,0.2188330692227161,0.7181256761972595,1.072846290570386,0.3876995295368684,0
0.7635149337920082,0.0587129729745724,0.0198034635618618,0.1043638942350851,547565312,0,0.2364850662079918,0.6309211631355267,1.1912774576778302,0.38733875552177804,0
0.9056965091850736,0.0758956364201861,0.0245113858689332,0.071377488608498,488530883,0,0.0943034908149265,0.7938102630594093,1.1267540995780168,0.44159284981506736,0
0.8707778001377185,0.0451115057821372,0.0302827178241477,0.0433663550558794,497344659,0,0.1292221998622814,0.7861003796115033,1.0938040257720487,0.4407996438000854,0
0.7773949070366721,0.0313346338292694,0.0187252210322315,0.0450472698034347,453220185,0,0.2226050929633278,0.4998429559617078,1.524773261935699,0.42896917628229825,0
0.8698576469040269,0.0569310560726314,0.0168716135625189,0.054129847495918,559655647,0,0.1301423530959731,0.5651564955409045,1.5123842878379934,0.3828203724611299,0
0.9018150830480554,0.0505963036992017,0.0160379003950001,0.0717278893315671,500900843,0,0.0981849169519446,0.5231432226968109,1.6915062307017297,0.37885002489128333,0
0.9035738039064032,0.0434864310620817,0.0213174360766553,0.0571798298049452,461932236,0,0.0964261960935969,0.6002944457814329,1.4805538705983954,0.3870979528437532,0
0.8649163451815541,0.04446411758292,0.0152303029030167,0.0549015466399541,482634885,0,0.1350836548184458,0.4824625283920157,1.7563089480242715,0.3965916475598673,0
0.8931128034947726,0.0700609288815912,0.0240660259337398,0.1187030808012045,583868854,0,0.1068871965052273,0.7615642342011627,1.1575352561792278,0.43534510449792213,0
0.7431724513031919,0.049168944273713,0.0167511738657586,0.0734660757362727,514578183,0,0.2568275486968081,0.5316992544100255,1.371928141404947,0.38699143855201235,0
0.9133330155170348,0.0485591244427838,0.0180645014876279,0.0682145669642138,545026653,0,0.0866669844829651,0.5555265275236952,1.6150135688882723,0.3801966907999061,0
0.8337563691165606,0.0530179189981946,0.0171761299791452,0.109330817185572,497130464,0,0.1662436308834394,0.5555942755756844,1.4741244830809683,0.37749380988325026,0
0.8058221564575223,0.0528869362927985,0.0258986260418035,0.0655201933651478,506534501,0,0.1941778435424777,0.7295202660072653,1.0896552717996857,0.3839678790973363,0
0.7776546699916473,0.0388038256671098,0.0143455578233704,0.0589738017672131,472450909,0,0.2223453300083526,0.442126459135848,1.7199937191864048,0.4270635638612109,0
0.734153252680214,0.0244607886509804,0.0176058127199579,0.0743123070078698,497631464,0,0.2658467473197859,0.4499594090030814,1.5961261761585046,0.46327062432845983,0
0.4081554740331009,0.0487824889714411,0.022978802168692,0.5558696304824754,403704394,1,0.5918445259668991,0.6547059992596056,0.6140391007268357,0.6674950258537936,1
1.0,0.0506167984984797,0.0261178444120931,0.0555420996088887,539200138,0,0.0,0.7248240822357817,1.3608699336001508,0.44914113204829553,0
0.8766929684229559,0.0590393484108619,0.0202901136740419,0.0504111155372055,391421429,0,0.1233070315770441,0.6419596671242873,1.3447043009423252,0.38440759854650475,0
0.7820124504428166,0.0463297216091667,0.0189850968130217,0.0616374603316685,545945742,0,0.2179875495571833,0.5650208226971014,1.359972403738065,0.3781398699121604,0
0.893767790493603,0.0608589556583157,0.0226725282424027,0.1152237624973474,490153909,0,0.106232209506397,0.6968863874813181,1.264372615347928,0.4032214154650306,0
0.1939754394148027,0.0913485368904515,0.1354150041923757,0.2004035109385788,108378305,1,0.8060245605851973,3.0736942314093207,0.062903590582699,0.6889136090985428,1
0.7954412601601761,0.0570830384720106,0.0189389551504942,0.0950219890901462,528338586,0,0.2045587398398238,0.6071112568979273,1.2889754501622148,0.3703858988605396,0
0.867316687166558,0.0363019702042092,0.0239531279958138,0.0394838425377724,567778646,0,0.132683312833442,0.6242704407331138,1.3674241009309538,0.41653743846941205,0
0.9375353214776758,0.0585277367512222,0.0176025351630037,0.0673448994022992,521266065,0,0.0624646785223241,0.5861616502649645,1.5726193072985952,0.39720803412085565,0
0.77622677406579,0.0637487641914818,0.0230985572298306,0.0656178109710162,546873874,0,0.22377322593421,0.716966201362541,1.0677618472645918,0.3985240461749073,0
0.8473797383827201,0.028781451009914,0.0229861410912669,0.0874669711942279,471721181,0,0.1526202616172799,0.5748486258649947,1.4488872862263122,0.4067825289234795,0
0.4429235181331076,0.2882744000788801,0.1823091667342668,0.0803891651103776,268892525,1,0.5570764818668923,4.799280935000858,0.0920976595294341,0.7123772292159914,1
0.8723217220616272,0.0445732620026597,0.029243044166482,0.0781631047133009,510569828,0,0.1276782779383728,0.7631539313402803,1.1282639674992496,0.3962752970553768,0
0.9544383045723464,0.0501035261984338,0.0233296212602723,0.0727707446661202,479534576,0,0.0455616954276536,0.6670065299991813,1.4097918739033442,0.3954121177034295,0
1.0,0.0561277390506257,0.0154968963267606,0.054137169124827,485287874,0,0.0,0.534448882737716,1.8367197209985684,0.4598949248184218,0
0.8209729151648273,0.0434999741917654,0.0129740507659821,0.0836500206119842,499295051,0,0.1790270848351727,0.4334809120867041,1.8512023692336963,0.4130200381011312,0
0.924502409529296,0.0432837663206194,0.0159037107013925,0.0628645581234641,510318088,0,0.0754975904707041,0.4912092793103282,1.844543682035228,0.41539662220605,0
0.9132825557634436,0.0610552593295798,0.0320630771080645,0.0703287703230692,469617682,0,0.0867174442365562,0.885482579479611,1.0198775237974778,0.4782356217669145,0
0.8519608139407154,0.0482705394007657,0.0192205091103166,0.0784511307854801,412888915,0,0.1480391860592845,0.5774923398093964,1.450164974435449,0.3623273569370919,0
0.8588738071767893,0.0543632366967403,0.0209192477237684,0.0722295844963398,484088123,0,0.1411261928232107,0.6358379012623308,1.32985971479541,0.36415977402440153,0
0.8471339168712039,0.0507682189106025,0.0204432879548071,0.084046575928456,423120760,0,0.1528660831287961,0.611938634738554,1.362086015491409,0.35706584589016976,0
0.4573777001254808,0.0702876899142348,0.0383668197307626,0.5735580469390581,422398340,1,0.5426222998745192,1.0484871542721914,0.4321051023429477,0.6983869436536281,1
0.7317182407706058,0.0482737270005918,0.0158879003380889,0.0942921958127323,546621743,0,0.2682817592293942,0.5108529147641472,1.4048462051939226,0.3957111120213282,0
0.92196799003466,0.0591907648298776,0.0220919911044434,0.113527860544164,447245531,0,0.0780320099653399,0.6786028814083791,1.3388965032341806,0.40071137077524444,0
0.8999295853641724,0.0379030525715889,0.0234776887878288,0.0581567273456382,584971799,0,0.1000704146358275,0.6211659860429335,1.4258207908291132,0.394862760687824,0
0.7977336613941031,0.0423002676894135,0.013348431871305,0.0653368760578,609811157,0,0.2022663386058969,0.4361697081837554,1.7879601567786303,0.42569628106648083,0
0.7839602242565991,0.0438659733645906,0.022503328606906,0.0526835168916912,416945829,0,0.2160397757434009,0.6255304655964834,1.2335525465656558,0.38772451853483425,0
0.968028497355964,0.0319801956241998,0.0230850297478834,0.0731818424530784,502374673,0,0.0319715026440359,0.589621377454469,1.6143995757213798,0.44028077876227545,0
0.9726191130402062,0.0557929149960108,0.0132366485707823,0.0462531130577857,458769387,0,0.0273808869597937,0.4879046313996901,1.9534245148634533,0.4781747889217427,0
0.4273292945808073,0.4521088955267365,0.2715373982886581,0.0762664207537311,295902466,1,0.5726707054191926,7.239183547880107,0.0589486101101374,0.7472611414043181,1
0.9014178207894036,0.0494510599938371,0.0158774291923616,0.0653673652218294,484062584,0,0.0985821792105965,0.5153528238225812,1.7158332075394431,0.38516326279278834,0
1.0,0.0553829607904963,0.0252365885331072,0.0678529113357557,568485055,0,0.0,0.7262636138241301,1.3582091810921246,0.44654300851152073,0
0.8020485883644782,0.0451208859185429,0.0152142454255247,0.1038109718868719,508809491,0,0.1979514116355217,0.4847684521846676,1.6210584664867056,0.3895626417519775,0
0.8974481006374707,0.0512637957954641,0.0216692998328426,0.0974439400014595,490456389,0,0.1025518993625292,0.63844117983871,1.384008493816968,0.36808041270174036,0
0.8038486504381481,0.0212773778671835,0.0202746705549992,0.0767927983791033,538312148,0,0.1961513495618518,0.4906029225687188,1.6057610017804125,0.44018725791520597,0
0.7652629182488838,0.0502127157673606,0.0165472947384187,0.0717276866874071,574835520,0,0.2347370817511161,0.5317967578378165,1.4124538531807909,0.3807684717556026,0
1.0,0.059192289345752,0.0204191331396468,0.0404354950125038,455633527,0,0.0,0.6451518201759442,1.5263637666937186,0.4725074754265721,0
1.0,0.0674957674318694,0.0199964570271167,0.0890245063863701,443697301,0,0.0,0.669912210269813,1.4707781164911935,0.4584146232666392,0
0.8770082129660162,0.0477352110809847,0.0156585363406181,0.0431984451098849,496030578,0,0.1229917870339838,0.5041115711363022,1.7058713754052075,0.4069577706340976,0
0.4504391827449074,0.4144037862426188,0.2831223525957324,0.0738962230903849,300825749,1,0.5495608172550925,7.320062196885122,0.0614509359738201,0.7424734711406205,1
0.7735567647519659,0.0462716684790823,0.0285968895310364,0.027937258243454,514290164,0,0.2264432352480341,0.757024464537059,1.008516417033516,0.45684263178464063,0
0.8284474532444354,0.0586047348835974,0.0198822392456288,0.0904450127203555,511334212,0,0.1715525467555646,0.632063724446966,1.290288520750816,0.36812003829884277,0
0.7708316143793135,0.0455267810434124,0.0270168498506259,0.0633135390901683,466640545,0,0.2291683856206865,0.7224441211861691,1.052410132162679,0.4047330570744203,0
0.8116660609723768,0.0577169871064834,0.0242544898108398,0.0863490652250035,537495011,0,0.1883339390276232,0.715957744642731,1.1180624037172109,0.37718005029991863,0
0.8877174685708796,0.0356172202168263,0.0239452834368775,0.087029598007044,586311327,0,0.1122825314291203,0.6213745496048573,1.406007684545494,0.3852615621122788,0
1.0,0.0637365854516295,0.0177417026192018,0.0406215371516783,514748572,0,0.0,0.609780394190556,1.6134747232622897,0.48545228550586234,0
0.7938357524898118,0.0572762954363698,0.023111035720217,0.0781108257111599,494325967,0,0.2061642475101882,0.6913258961498194,1.1319070874865145,0.37367686095904357,0
0.8185328950138111,0.0466618051024399,0.0178788183330097,0.0773987941289276,449111784,0,0.1814671049861889,0.5442235870699552,1.4769001430292683,0.36355638285580033,0
0.7940219593605932,0.0479097674271397,0.0224112447634032,0.0831338745649304,542155266,0,0.2059780406394068,0.6398639649766247,1.221827955007713,0.37017985991757846,0
0.8296018226063315,0.0400069776770508,0.0242408710633333,0.0946276050514998,467916658,0,0.1703981773936684,0.6448453319748704,1.2668668189241477,0.378598355220446,0
0.8138154944600738,0.0612411271998601,0.0263185333882733,0.0901248197861185,568923481,0,0.1861845055399261,0.7713351765649074,1.0415702746649194,0.40034953716417604,0
0.8749000123634829,0.0541953244390702,0.0272663033166051,0.0378870611631935,537828233,0,0.125099987636517,0.7621073640883846,1.1331325837002786,0.4183060896482885,0
0.8560643646554981,0.0478655712906979,0.0124106312665959,0.1117967795636136,537736664,0,0.1439356353445019,0.4396749104947107,1.903740557180958,0.43274990340649727,0
0.8695040571016959,0.0608578632493934,0.0118025791873728,0.0730112134556608,549134157,0,0.1304959428983041,0.4794830367450305,1.7763721964375585,0.4101012820065479,0
0.8081821583584768,0.0535063009927355,0.021934042603446,0.1013034393142877,450356699,0,0.1918178416415231,0.6527060560398626,1.219518293205191,0.36952604793076793,0
0.8410137560247336,0.0441947655019527,0.0243457803219463,0.0835057355786784,470999183,0,0.1589862439752664,0.6636946684467384,1.2483604152067342,0.3658369896724608,0
0.7697976508289752,0.0240895770785509,0.0213062526561692,0.0766873717936473,535793637,0,0.2302023491710247,0.5224833614375892,1.445674562958529,0.4308198399839882,0
0.8412991881234514,0.0511958036841415,0.0123882040689105,0.0441221500426421,513830038,0,0.1587008118765486,0.452547296114777,1.8188392737132992,0.4315672311935813,0
0.9160333079190424,0.0639020754901731,0.021150353795957,0.1217209409907422,524735282,0,0.0839666920809576,0.6786153778798327,1.330253923081711,0.41860246619768376,0
0.8759333081990753,0.0439048779784071,0.0172084912302698,0.1024371571246094,507724683,0,0.1240666918009246,0.5197893365190256,1.6533615303667388,0.380717412423238,0
0.4381158341519507,0.3507254499631327,0.2928432200161122,0.1009382358897627,320743177,1,0.5618841658480492,7.2597662001747745,0.0602654641275008,0.7324941940392838,1
0.782822252625538,0.0567792587133926,0.0151812053689469,0.123301121356132,507856395,0,0.217177747374462,0.5307411422325097,1.4476839128488903,0.4202421036329725,0
0.764328600155111,0.0591831660600231,0.0190980415911879,0.0579266034293926,457682014,0,0.235671399844889,0.6186934960638518,1.215741223569909,0.39365665863821353,0
0.8591382118929631,0.0533198033056901,0.0231275400841551,0.1448618593918946,619418599,0,0.1408617881070368,0.6758300149058641,1.2526984722459062,0.4234873455448326,0
0.6964983027760767,0.0480931759923665,0.017279429989429,0.0567643231217527,557301507,0,0.3035016972239233,0.5379613037580468,1.271072059284713,0.42962287642419356,0
0.9010873967021898,0.051408862469112,0.0223681603840572,0.1099486336635925,508400767,0,0.0989126032978101,0.6529986575575937,1.35910893096177,0.3828806693433952,0
0.8646673604590681,0.0603990468739607,0.0133697615695898,0.0607092441017961,602103482,0,0.1353326395409319,0.5089914188876393,1.6660532891127957,0.39772091439703466,0
0.8819308891481656,0.0584742167715042,0.0130034691259902,0.0373480874769032,517848637,0,0.1180691108518343,0.4939662496058227,1.7499800628275566,0.4396026698107666,0
0.7396544617588378,0.0469196571581425,0.0095648649069896,0.0580526336205786,437772874,0,0.2603455382411622,0.3789759267723634,1.9015430283728032,0.4941348833640532,0
0.8048737095410617,0.0509798315347089,0.0180376444696956,0.0645486250248751,429996463,0,0.1951262904589382,0.5646722155327485,1.4005787782778143,0.36816230750530643,0
0.7717301777907974,0.046506832038818,0.0284250713935425,0.0634360745406953,497505992,0,0.2282698222092025,0.7545287560261231,1.009419425636919,0.4189547616310657,0
0.802850819444463,0.049939290884601,0.0204265907128251,0.1055393077217637,425797166,0,0.1971491805555369,0.6082889777949068,1.298504175681387,0.37078073283853774,0
0.9802892436457034,0.0475130887381645,0.0193426370216416,0.0914748884200882,558672113,0,0.0197107563542966,0.5769050953854913,1.6702687561467315,0.42118482317734673,0
0.8687371786029217,0.053615035252061,0.0185008090186255,0.0720488446901655,504648962,0,0.1312628213970783,0.584476321380756,1.461348664964747,0.36562827507449647,0
0.8026742888931335,0.0499088100335579,0.019084016906398,0.0872332212249403,536597775,0,0.1973257111068664,0.581315578262193,1.3574380895766334,0.36421714318574333,0
0.8001840384143525,0.0284710940704751,0.0271118493084925,0.0742392225215584,530280311,0,0.1998159615856475,0.6561213624517515,1.2012586347166,0.42011110554200837,0
0.8467873639484526,0.0480509171964731,0.0108969834972574,0.1203055022092128,485277212,0,0.1532126360515474,0.410143338731041,2.01547254445591,0.467546894331333,0
0.9107175376394614,0.0624774207267373,0.0213293911482602,0.1156359781754212,527916821,0,0.0892824623605386,0.6764975058721543,1.3266144885442066,0.4059163969017577,0
0.7146028296228144,0.0548473281729447,0.0214828777257038,0.091928822751635,422753132,0,0.2853971703771856,0.6490468672058552,1.0842974379841883,0.4120382461238376,0
0.8590813876200998,0.0513354090478228,0.011370966356047,0.0627659385948748,604659896,0,0.1409186123799002,0.4327609633122316,1.9402825876821532,0.42336150174166054,0
0.8202847307203367,0.0407758981550149,0.0173057907190363,0.0964031637351097,447244616,0,0.1797152692796633,0.509219407000786,1.5798422009273911,0.37632431920574544,0
0.8449856722181462,0.0530883301259896,0.0154190404225937,0.0704470883479198,475251725,0,0.1550143277818537,0.5207341289558343,1.5921072833220091,0.37178283566342396,0
0.9150289695071168,0.052673923140719,0.0232522504626806,0.0569329897880808,450767260,0,0.0849710304928832,0.67574070181649,1.334365842778844,0.3851837705392578,0
0.9364624580443696,0.0354244850053507,0.0182403934109174,0.0689889613658302,484719469,0,0.0635375419556303,0.5065058082397519,1.8130724632813464,0.42114349258038575,0
0.824235078703546,0.03772392184863,0.0277451007574759,0.059576750848794,516897876,0,0.175764921296454,0.7057977025440391,1.1514916515855056,0.4062555150597123,0
0.8593861906647026,0.0410153201820896,0.0355495927800268,0.1012274192974626,420106393,0,0.1406138093352974,0.8750531363288947,0.970999542727281,0.49156268558307387,0
0.8117001102669218,0.0550872502322993,0.0158347197149962,0.0406299157312389,532616516,0,0.1882998897330782,0.5370433952291215,1.4837947361140382,0.40425458301479017,0
0.8785612388772037,0.0508182935854756,0.0158477779672171,0.0558595670428556,560330407,0,0.1214387611227962,0.5202287336862461,1.6569476210187384,0.3808051950993369,0
0.8801840394435881,0.0427199705877086,0.0175404877624689,0.0754504748009318,565509595,0,0.1198159605564118,0.521689637600214,1.6554470450398595,0.3741354117660892,0
0.8167769668879359,0.0614863734942871,0.0219457959783396,0.106626781239768,450773297,0,0.1832230331120641,0.6848614135439415,1.175453048575829,0.37654056723054075,0
0.8266645000165378,0.0397720743480159,0.0175418190718397,0.0806888202341168,540106422,0,0.1733354999834622,0.5099246788288591,1.589969727689435,0.3777891727505718,0
0.8830224741549199,0.0743975240633927,0.0149245290408606,0.0449634238649656,539690923,0,0.1169775258450801,0.596080677070784,1.456938832669288,0.4496964879960011,0
0.9912363392224878,0.0523378591179074,0.0190543980461148,0.0845799278491868,524649322,0,0.0087636607775122,0.5904393973939266,1.650851598886962,0.4260521398927512,0
0.8325855037418224,0.0497497304125485,0.018396661872214,0.0563625174915839,502217939,0,0.1674144962581776,0.5669321590944751,1.4431254881832352,0.3746127480663341,0
0.9070398744137912,0.0618767938846156,0.0215807797859138,0.0629892944250591,533268446,0,0.0929601255862089,0.6791227712567404,1.3162239186489797,0.3893175576821957,0
0.880592779694724,0.0509284490114111,0.0141611022436603,0.0525651374147298,492917570,0,0.1194072203052759,0.4869358409188511,1.7720452162727451,0.40359447812875443,0
0.8695973256886979,0.0543693816974635,0.0224600942399639,0.0594726158466821,597417132,0,0.1304026743113021,0.6666794115891339,1.28509499593982,0.371263431339713,0
1.0,0.0404667139174128,0.0190773732117207,0.0641820123666489,487316196,0,0.0,0.5434143199040666,1.806964446047128,0.45862195435060227,0
0.7197966049693469,0.068845863059346,0.0221004724522592,0.0760412454203063,430606572,0,0.280203395030653,0.7173929012825685,0.989556818192991,0.44139086790664883,0
0.9584992022856658,0.0388033010537385,0.017086206711942,0.0864318642267847,468355986,0,0.0415007977143342,0.496937338453796,1.890764655862939,0.4362784770101234,0
0.9723640255568492,0.0415364334500912,0.0223159239763379,0.0673142830462119,473034749,0,0.0276359744431509,0.6124642133271236,1.562120367305104,0.41926355784202146,0
0.8905819224885838,0.0500642226981093,0.0093471676009639,0.0916514263761761,439035776,0,0.1094180775114161,0.3872002428117175,2.242148484563593,0.47547976580261503,0
0.7284504027236789,0.0622766899247329,0.0137380327779344,0.0873523968041942,511692401,0,0.2715495972763211,0.5238674152576198,1.364478111802651,0.41596749253413423,0
0.8209110230228915,0.0570945181713904,0.0170382202217397,0.0763710186150496,536141344,0,0.1790889769771084,0.5691424771203563,1.4174595293107666,0.36665912192460987,0
0.906620154836438,0.0504360244637245,0.0189707028455983,0.1000364970736387,500759147,0,0.093379845163562,0.581158154766864,1.5336338465871,0.3743850424241475,0
0.7006187845926601,0.0530982071022702,0.0167622909718242,0.0951499029867497,542238718,0,0.2993812154073398,0.5476386478455652,1.2564028467171315,0.4166583264776376,0
0.9007135217854408,0.0663911680544406,0.0236538205953326,0.0837895964244216,441027016,0,0.0992864782145591,0.7386410841244151,1.2031313013483416,0.39831312510035194,0
0.7093008410861508,0.0472318670011107,0.0183296138451002,0.1020264591547152,475858620,0,0.2906991589138492,0.5555197449064491,1.2542459347789645,0.4147390677458594,0
0.965325489652632,0.0454290374341372,0.0184575860577209,0.0584524784603048,470116615,0,0.034674510347368,0.5508678708909672,1.7211281653897614,0.41756330617760434,0
0.8807252359151445,0.0566288126866741,0.0287479195210271,0.0829104239553648,432153221,0,0.1192747640848554,0.8014736411672386,1.085340535089092,0.409606430591441,0
0.9164268653235396,0.0417240977935128,0.0159998071780117,0.1047916801288312,477017161,0,0.0835731346764603,0.4868925347342866,1.8443160266305851,0.419056506441089,0
0.917251483919098,0.0565590077652976,0.0131584248058359,0.086951232276071,449577563,0,0.082748516080902,0.4894045271779094,1.8366903662295664,0.4212570734724949,0
0.8823985368768764,0.0344410435379637,0.0246082505596222,0.0428419709720342,497124112,0,0.1176014631231235,0.6299291853443009,1.378900286290459,0.41921743383792887,0
0.7317131003376126,0.0426540842320195,0.0214031820224506,0.0636924874336775,471680270,0,0.2682868996623874,0.5986799773770917,1.2021310500317297,0.40327100729054477,0
0.8911551067246999,0.0474916698354495,0.0142586835562369,0.1209372439143911,543808458,0,0.1088448932753001,0.4751403504665363,1.8369016427261071,0.4371938576280556,0
0.9730429253172777,0.0547704082722312,0.026180653609031,0.1140502931625921,464763578,0,0.0269570746827224,0.7426947052695467,1.2927458084999046,0.4432122145686285,0
0.8186313477494274,0.0573264007721558,0.0251955589371013,0.0627223407882046,561737595,0,0.1813686522505726,0.7332167818306501,1.101470483124749,0.383498249368951,0
0.765383125683528,0.0564719593970274,0.0225273507958331,0.0603541193149064,358046067,0,0.234616874316472,0.6764348535047724,1.115012039053181,0.3887425668688093,0
0.8303405548731244,0.0393760647185312,0.014551834813288,0.0637799827274231,531866234,0,0.1696594451268755,0.448540955139886,1.810831825523228,0.4156031982577686,0
0.9119707242743468,0.0494423092234229,0.0209947407339824,0.1087267081141195,455611524,0,0.0880292757256531,0.6176640515733413,1.4529599424857056,0.381911136322596,0
0.7397864505634327,0.050488600703257,0.0152178181159099,0.060953672385224,505526765,0,0.2602135494365672,0.5063107651312273,1.4328317372491857,0.4003999259264384,0
0.8522654700904368,0.0607600713859859,0.0182018516377376,0.0601328260083609,397482127,0,0.1477345299095631,0.6070773182986977,1.38113238781837,0.3818368534887228,0
0.7867620435643751,0.0511327041053776,0.0235225326991236,0.0525428109703787,477318180,0,0.2132379564356249,0.6749814704039829,1.148588797738375,0.3806024055035507,0
0.817902362249133,0.0484147042697303,0.0276686385495824,0.1190651827505313,604896966,0,0.1820976377508669,0.7470315880705711,1.0804071786934306,0.42036396051511077,0
0.8260794119627306,0.0457188483903408,0.026019422185844,0.0910608017170471,399627156,0,0.1739205880372694,0.7032638372782452,1.1581680842182889,0.3769336060941991,0
0.785320511768545,0.0538193545223155,0.017247315752542,0.076283084956145,565558374,0,0.214679488231455,0.5602237331401039,1.377214707363981,0.3709350121698174,0
0.7698703992084067,0.0535144820754158,0.0152404076998888,0.0386983390748735,467131372,0,0.2301296007915932,0.5188660822994398,1.455700081693861,0.41770261000066,0
0.9682315235793212,0.0467836494878261,0.0127807259193322,0.0406586059282569,583933733,0,0.0317684764206787,0.4427491163379505,2.1385608246148258,0.5146000893873062,0
0.7056094319468385,0.0608874861970418,0.022413439436046,0.0565224007118205,557214653,0,0.2943905680531615,0.6918187335090887,1.0054012500048213,0.4401238178882404,0
0.8455561840882705,0.0573487778604981,0.0119671144963066,0.085854309642837,525007151,0,0.1544438159117295,0.4687374013681248,1.766221276365413,0.4034642024908735,0
0.7693530951266077,0.0551593921770409,0.0232556812091182,0.1014863602543112,438540820,0,0.2306469048733923,0.6857511928905297,1.105787676669724,0.3852133734833832,0
0.873181988551713,0.0497863270565156,0.0149305202385373,0.0846557348588032,446490421,0,0.1268180114482869,0.4977557129968087,1.7196891461804211,0.37676384809160085,0
0.8923843342332226,0.0666125921454787,0.0189149147478781,0.097588340822748,408945696,0,0.1076156657667773,0.6447486635394779,1.3629418186348332,0.3937686371931916,0
0.8212566327370352,0.0542406104446409,0.0269416888910422,0.0767575204904028,580476033,0,0.1787433672629648,0.7557962195994083,1.0724218946479502,0.38590383654658705,0
0.7782196502811335,0.0621876185169731,0.0196420037407096,0.0490854042661853,442315385,0,0.2217803497188665,0.641590548882086,1.19433845628409,0.39629410812533467,0
0.8312690434440655,0.0539348538542175,0.0210664685368646,0.0532903686180021,529628363,0,0.1687309565559345,0.6370687861541638,1.2846687419195275,0.3746532940542867,0
0.9395659929147662,0.0456254169967659,0.023464593115158,0.1077269879452568,552694577,0,0.0604340070852338,0.6517935302902247,1.41972677264271,0.3932194044855243,0
0.8370971430667192,0.0610818281673751,0.0140529405356633,0.0654079506038518,496868021,0,0.1629028569332807,0.5253861233827679,1.5635391103856582,0.38991858248930755,0
0.8708844217743911,0.0300179931546789,0.0146407138347992,0.0916708860602377,470505262,0,0.1291155782256089,0.4128862493147002,2.059382217288184,0.4675153139919816,0
0.7696687386598345,0.0595313663391324,0.0278144438425409,0.1007217530209251,529392794,0,0.2303312613401654,0.7944143422073496,0.9568063350882438,0.43151571036769676,0
0.8867344063382749,0.0424784359440941,0.0135194166787505,0.0622950262775155,467467008,0,0.113265593661725,0.4403020773513872,1.9691990131467316,0.42371552614901914,0
0.9016300759668118,0.0395519080597896,0.0123444624872213,0.0444797649190319,454970482,0,0.0983699240331882,0.4050968819835864,2.1720955157703727,0.4846691061809434,0
0.8852011560042665,0.0764434334701703,0.0243802339626489,0.0812017198923032,477011769,0,0.1147988439957334,0.7933784131336609,1.101848321454702,0.4319490975310734,0
0.9029704539616836,0.0484753016361945,0.0166121767383217,0.0806006295832816,424405829,0,0.0970295460383162,0.5261447413112128,1.6841915706444313,0.37671483381338927,0
0.9805929043145308,0.048887739386513,0.0111070620799674,0.0624335384564052,514544852,0,0.0194070956854691,0.4176921991454003,2.2927537754345706,0.5173727908078468,0
0.7978531113758273,0.0453396349813175,0.0179131659319745,0.1219168700361831,537122945,0,0.2021468886241727,0.5396218585647619,1.451640066607388,0.3995053653664226,0
0.8903237212414276,0.0760168311418039,0.0164212000544462,0.0687878472630538,514828846,0,0.1096762787585724,0.6324913256561406,1.3857365627966876,0.4251134695654552,0
0.7838215245158141,0.0518335991977915,0.0220432640574033,0.0604055755056638,534011018,0,0.2161784754841859,0.6481996779392333,1.1908567426983436,0.37662573401298893,0
0.8493621886946706,0.0444814185410755,0.0199308112695288,0.0734596536478045,519771049,0,0.1506378113053293,0.5765418995548784,1.44808442387363,0.3648172077503499,0
0.6866612105260568,0.0575429132981357,0.0230105916019624,0.0705747251859496,534161150,0,0.3133387894739432,0.6903834852317914,0.9804074839069152,0.4421924039574068,0
0.8713640212695407,0.0284818459867069,0.0224103336366769,0.0723436562077406,566020700,0,0.1286359787304593,0.5621340566803664,1.5230067343401388,0.41069691672677133,0
0.9414258251612015,0.0520109904671496,0.0071883317060234,0.1009741425283312,477260264,0,0.0585741748387983,0.3518105959890676,2.6019852254123794,0.5563771530004233,0
0.7690316499791866,0.0466522466789346,0.0284997868728819,0.0884309216707312,466038467,0,0.2309683500208134,0.7566047241733764,1.0031658111791928,0.4174553205787009,0
0.7491292836531964,0.0533088023221445,0.0193622543981123,0.0920649500114278,553767170,0,0.2508707163468036,0.6004802972508249,1.2271145965344816,0.3850724140900265,0
0.8998279945877998,0.0424320491143054,0.0267023052589517,0.0293550782956062,542344105,0,0.1001720054122001,0.7037743016362564,1.260661798169301,0.43394742598371105,0
0.8620241409169502,0.0519049967977906,0.0244261574149449,0.1261583250123222,559212832,0,0.1379758590830497,0.6961431354900618,1.2207498700935573,0.4094255985461695,0
0.7254696661180877,0.0540981865692851,0.0212465429782086,0.0771924988218932,528868176,0,0.2745303338819123,0.6413236058413134,1.1138390496088346,0.3981858871667954,0
0.8934048034868771,0.0446476478843943,0.0246878506881327,0.0705775069636424,531666341,0,0.1065951965131228,0.6723476053002331,1.3093103816108196,0.37271430386763527,0
0.9006345454204409,0.0526032183877122,0.0209705381547667,0.0760921929764595,492923712,0,0.0993654545795591,0.6298236366461847,1.4076293744653914,0.36498013834128196,0
0.7792914051039094,0.0498036220107331,0.0221294360309651,0.0942542405772266,554865009,0,0.2207085948960906,0.6418032086622364,1.195593078934561,0.37437068017184394,0
0.8284889047556135,0.0519438430157733,0.0225539604426379,0.0888954761566319,502278194,0,0.1715110952443864,0.6588545809158529,1.2386682074019373,0.36753474018077753,0
0.8785690057209397,0.0465074229568157,0.0230060337446455,0.0828071973969609,465090016,0,0.1214309942790603,0.6461503667201745,1.338975104308094,0.36351243572232494,0
0.7748096170938116,0.0558636401875509,0.0188279609984183,0.0639006703829487,504994347,0,0.2251903829061884,0.6000137807185716,1.270151005738128,0.3792707053403377,0
0.7531187040190035,0.0485239741370133,0.0154065674425695,0.0552189459494671,456076309,0,0.2468812959809965,0.5022272453994439,1.470282400600749,0.39939457233264514,0
0.637922415328559,0.0584062002650455,0.0227614996883976,0.077157069261189,457191507,0,0.362077584671441,0.6888547948281345,0.9128111018905432,0.474635412244369,0
0.918194666783698,0.0662839662312853,0.0234315922847835,0.0987583107502131,496088467,0,0.0818053332163021,0.7337677106208116,1.2345180540538587,0.4106309740337173,0
0.7600286326529704,0.0555623000940066,0.0276896595920627,0.0719384802186993,496946216,0,0.2399713673470296,0.7760423922172817,0.9669053987140168,0.4201185588804652,0
0.9408452512144478,0.0430709480220409,0.0230225766317768,0.0564391826524723,473097612,0,0.0591547487855521,0.6327353247237004,1.4638144427784472,0.40209149641686703,0
0.9278043559701384,0.0519460745523724,0.0122569085056812,0.0648059376503942,500969061,0,0.0721956440298616,0.4529224683231151,2.0042327159686284,0.4422426990761432,0
0.7862483795623618,0.0546877425607502,0.0221647991268034,0.0862626428002631,529215708,0,0.2137516204376381,0.6620469527790706,1.169930726284885,0.3693377049386089,0
0.9101109698697432,0.0685409256633418,0.0157429678286984,0.0356636232129187,455108496,0,0.0898890301302568,0.5890230592273362,1.5193254347231155,0.4541685261701206,0
0.7637804177656555,0.0485299799837151,0.0169978821713064,0.1049923781059333,520985280,0,0.2362195822343444,0.53407756336099,1.403807966363235,0.38504177639948606,0
0.8606375739317501,0.0392725697426019,0.0190265135194165,0.073071469879862,529369584,0,0.1393624260682499,0.5376205493587396,1.5715947382536166,0.37839842860656414,0
0.8139947622816605,0.0599604768580581,0.0283672604514926,0.0887195077900009,493741278,0,0.1860052377183395,0.8071871164620864,0.9960934844466872,0.41746049807018726,0
0.9386962864466326,0.0498554772912172,0.0219149449237046,0.0969922397703242,531798387,0,0.0613037135533673,0.6377208076389618,1.4492297844627218,0.3807694759145204,0
0.9662827261725854,0.0490166037320525,0.0209237028944786,0.0699719570622872,515349053,0,0.0337172738274146,0.6145404728177825,1.5471899231973565,0.40369662407867324,0
0.5024241325525296,0.3407037759525614,0.3149553997124461,0.0556683839172858,276421530,1,0.4975758674474704,7.661923098059169,0.0654886820593433,0.744048987895614,1
0.8323224320373421,0.0558857840442061,0.0244364541863337,0.0532654912224813,442179209,0,0.1676775679626578,0.7122722199034986,1.1523666688281975,0.3850039185028917,0
0.755339318986738,0.053074066978091,0.022823029629468,0.0893309062290025,410942079,0,0.244660681013262,0.668756860501724,1.1128275277076474,0.3856412752141928,0
0.8447136161082146,0.0532316771418478,0.0227775632317112,0.0779313755141943,525041579,0,0.1552863838917854,0.6684779732016161,1.2450125862187718,0.3631766452332851,0
0.8252362848548808,0.0693892899905828,0.0271568339091559,0.0736982653761178,490090216,0,0.1747637151451192,0.8206938381454498,0.9934301266724777,0.4357335474417108,0
1.0,0.041125078221979,0.0133069710013837,0.1030718068663385,430275246,0,0.0,0.4306397329155911,2.2694276645986435,0.5305491406127854,0
0.9068767974562792,0.0528328787154614,0.0237839433999349,0.1055078147599803,427819786,0,0.0931232025437207,0.6870103828605438,1.3010951052614734,0.3823494692392013,0
0.9113947783322328,0.0563517180168197,0.015914556844659,0.0490539202212326,468505772,0,0.0886052216677673,0.5436980089604597,1.6460141874870216,0.4025768342113866,0
0.7928518865578905,0.0600981708934263,0.0169181929598026,0.047374483690781,489143446,0,0.2071481134421094,0.5787565427697576,1.3466549056558808,0.39325052647584524,0
0.8269073088863889,0.0539180400540254,0.0207169423367112,0.0374253181117037,483796591,0,0.1730926911136111,0.630011006950327,1.2920204495023122,0.39773840530151294,0
0.8645493004046796,0.0542881650033057,0.0254823461690544,0.0814250749982178,490586933,0,0.1354506995953204,0.7267995833943113,1.173384621665836,0.37535205351499534,0
0.7209827303048278,0.0541379909745149,0.0190938791339094,0.0939040580016799,558925634,0,0.2790172696951721,0.5984295465762497,1.184989674419884,0.4023915748377191,0
0.9002676407411424,0.055999287299962,0.0242455105537157,0.0966950265264976,479910248,0,0.0997323592588576,0.7089073602741627,1.2522721152803555,0.37676594972280514,0
0.8158495144042064,0.0602996081758116,0.0215565433672144,0.0948837142063006,541888211,0,0.1841504855957936,0.6723293000475349,1.195682955938386,0.37080590993276225,0
1.0,0.0477514401819192,0.0197555140826294,0.0791021393975492,457716344,0,0.0,0.5861160423802663,1.6775257314113576,0.4316859511231671,0
0.9026835418138264,0.039090335697848,0.0226740866817295,0.0827977446567825,507346764,0,0.0973164581861736,0.609843076425983,1.4563097921795018,0.38423401762710424,0
0.8455532263271636,0.0343680919130334,0.0143115716478759,0.082227452036801,399003633,0,0.1544467736728364,0.423703800609652,1.949609906896319,0.441637077639355,0
0.1548774978076922,0.1564142638182319,0.1365447221531484,0.1721362375564262,91575673,1,0.8451225021923078,3.356551498335896,0.0460047909215851,0.7001851795789992,1
0.8649413411581662,0.0597519762978243,0.0212066096745839,0.0364586990711429,506932259,0,0.1350586588418337,0.6631400986829753,1.284935101697934,0.4074967869339938,0
0.3862883940461602,0.3132441599637706,0.2225313862798681,0.074573700438634,305783673,1,0.6137116059538398,5.7036043654524455,0.0676085303318986,0.7181493569705457,1
0.7784314158224397,0.0589503831407611,0.0172522986270223,0.0962159729118342,479028262,0,0.2215685841775603,0.5808475051034911,1.3174827837956122,0.3814151091155325,0
0.9718499261815724,0.0654210995256787,0.0137174655286037,0.0902299915072372,542835124,0,0.0281500738184274,0.5360337086747894,1.7798350371815483,0.46134002112359135,0
0.876154189901133,0.0529355793216662,0.018501616759966,0.0864157145186536,540445963,0,0.1238458100988669,0.5817746524859865,1.48055376522211,0.3634872567433168,0
0.8544579929830955,0.050678555105274,0.0177847798943575,0.049143969695807,554803495,0,0.1455420070169044,0.5584098183082479,1.5032428460264986,0.3843479237032844,0
1.0,0.0507543363890159,0.024476777153813,0.0637397125547974,533597230,0,0.0,0.6925528886323237,1.4233803834281056,0.4429846056268073,0
0.8955813824185763,0.0605605680906605,0.0256781007359147,0.102336675510599,497423853,0,0.1044186175814236,0.7558042870809365,1.1694650937935058,0.3952925652133836,0
0.7843454145318631,0.033546012530431,0.0257007451926063,0.0661079926167371,408182010,0,0.2156545854681368,0.6481989539738511,1.1916539973155649,0.40866605355343955,0
0.7927757032592025,0.059638791167949,0.0106673002431969,0.0955869800781066,513829075,0,0.2072242967407974,0.4519011695357348,1.7163318812464488,0.41851524184602107,0
0.8956478934874528,0.0404056076327652,0.018432351569138,0.1125833272980189,603753251,0,0.1043521065125472,0.5302694619138211,1.6577799720805215,0.39721997364844547,0
0.9167137723639124,0.0469079092295013,0.0161500196690127,0.0863271664307229,536547948,0,0.0832862276360877,0.5106320302982598,1.7607709841416117,0.3957681407548378,0
0.926320141079456,0.042815927344308,0.024411665311617,0.1133444822310227,539892188,0,0.0736798589205438,0.6594970156095731,1.3836060796119414,0.4042969007138176,0
0.966270758169416,0.054419406495694,0.0285205275812774,0.1034343582943232,512062012,0,0.0337292418305839,0.7880881776083255,1.21073182798559,0.44167382225957386,0
0.6909944868319285,0.0585022174211349,0.0177490536757429,0.075029427638511,484719044,0,0.3090055131680714,0.5889899431993986,1.1535994797193154,0.4206928153101856,0
0.8917553252493517,0.0659450506322497,0.0194837261992547,0.0777866926288534,474260866,0,0.1082446747506482,0.6534547265140942,1.3441087833299317,0.3861266145720514,0
0.9097834884098608,0.0482504024330459,0.0180801436402382,0.0843324995080923,451293907,0,0.0902165115901391,0.5546044825369485,1.6113642674636814,0.3758773598069085,0
0.8088906466130645,0.0623828307143363,0.016081171672068,0.0722460016718287,524037228,0,0.1911093533869354,0.5711547562987058,1.391867893785774,0.38120133058142325,0
1.0,0.0444881428367146,0.0248409233026643,0.0674537310809739,432374565,0,0.0,0.6747710374001448,1.4603421368355154,0.43996645033869036,0
0.8796916698697047,0.0576608027838469,0.0251069164771469,0.0577683950097289,520527504,0,0.1203083301302953,0.7327815406783275,1.1843208557207108,0.38864630980446835,0
0.9039855593733284,0.0311815095450236,0.012416787252896,0.0658042201553293,503784747,0,0.0960144406266717,0.3730617832380153,2.359894927998174,0.5225909011946206,0
0.8259117043528569,0.0496149153049929,0.0207617743601686,0.0844843280858158,514982384,0,0.1740882956471431,0.6136951484233439,1.3242233909317744,0.3616366983966438,0
0.7810972638937389,0.0518455130319703,0.027218160017344,0.0692936657486468,477068068,0,0.2189027361062611,0.751745252474763,1.0254048336449817,0.40470399304723514,0
0.8878873944508145,0.0545353430151398,0.0229590706687068,0.1098987645490647,563594621,0,0.1121126055491854,0.677322785434697,1.29180555812546,0.3800922049860222,0
0.933003195540632,0.0263706756445816,0.0242421544110264,0.1051846647957359,499594339,0,0.066996804459368,0.5903257907988549,1.5541614400725352,0.43923467231021185,0
0.9379021481589752,0.0581776629920028,0.0289760567795616,0.0889894782566461,412714628,0,0.0620978518410247,0.8122317875592437,1.14067853171074,0.4329874049947674,0
0.7808807384256147,0.0595530520857051,0.0262233979036839,0.0787799205628923,513280849,0,0.2191192615743853,0.7626801664164992,1.0106131519424757,0.4041944641063983,0
0.854737474721159,0.0470459858986097,0.024272626135333,0.0872828059210932,607746433,0,0.1452625252788409,0.6736364663011004,1.250280692815908,0.3665311034912097,0
0.8900733750099504,0.0651344974324213,0.0204294650314666,0.0640888586411823,479128480,0,0.1099266249900495,0.6691272903590183,1.310613470619648,0.3880338973119902,0
0.8075202435998545,0.0542719436187168,0.0173043864842551,0.0513369637095057,523968047,0,0.1924797564001454,0.5631755041599695,1.408853375168805,0.38177685696045405,0
0.814821515338066,0.0514679301198554,0.0168222107929779,0.0884038308578998,404296996,0,0.1851784846619339,0.5423159363389816,1.475281558484622,0.36589219345759344,0
0.8897371322408986,0.06399355436586,0.016624108625128,0.0418438488424521,456825319,0,0.1102628677591014,0.5884563899660019,1.4867200804580667,0.4200140019417299,0
0.880415828080477,0.0349527962596899,0.0139839957230542,0.0591484461065884,415466418,0,0.1195841719195229,0.4194910994998455,2.049904710727989,0.45226855312582814,0
0.6800883420552154,0.071573082132655,0.0217189394077494,0.0842514806126443,466657564,0,0.3199116579447846,0.7206711166856087,0.9307721716716524,0.4737154156898869,0
0.904556237703597,0.0393488633692462,0.024194702502348,0.0789219030198852,443625195,0,0.0954437622964029,0.6412895035239463,1.3888696698001348,0.3838025694530288,0
0.8597607851716289,0.0574212749107189,0.0159784212017,0.0797781599210279,533442006,0,0.1402392148283711,0.5492535236768765,1.5373363756727592,0.37429448355301,0
0.8117874042587907,0.0207864951650539,0.017713491724566,0.0920824177917703,509812047,0,0.1882125957412093,0.4374158151515367,1.8143913933481404,0.47629412472632265,0
0.8596236505369519,0.0467732016115786,0.0240569827724579,0.0755505020644347,527045425,0,0.1403763494630481,0.6682324618954738,1.2674469283504055,0.36822747860724736,0
0.9197965862624116,0.046083514325782,0.017667523103859,0.1046044435130157,489718607,0,0.0802034137375884,0.5376845193803086,1.6794277612650774,0.39236230267348354,0
0.4866414540910873,0.3471046125061545,0.3374037958014445,0.0868332046390525,299588788,1,0.5133585459089127,8.136494366053508,0.0597363027855178,0.741935323347466,1
0.7761413403111277,0.0229676770700076,0.0287773784915774,0.0682814465336449,555196677,0,0.2238586596888723,0.6674182781115796,1.1457342758373092,0.453838369166401,0
0.8438318632468716,0.0510420110395187,0.0184007623837257,0.0536573616010683,475791302,0,0.1561681367531283,0.5721832918325906,1.4494264522615656,0.37778518465899086,0
1.0,0.0385365460698131,0.022735595575876,0.0947930630344934,445224030,0,0.0,0.6088580957967735,1.615879321595543,0.44906637154421425,0
0.8760906417793695,0.0399966867539442,0.0254088336383641,0.0685650791608787,525507873,0,0.1239093582206305,0.6681634197830599,1.2918577089569725,0.38369200610049753,0
0.7393760215228531,0.0559252694920118,0.0217002564728444,0.0728665373164025,440290529,0,0.2606239784771469,0.6577062074249365,1.107337348823395,0.39194213376839815,0
0.8284100051765303,0.0561915426100519,0.0169664985261735,0.0605324232394593,486122787,0,0.1715899948234697,0.5640961409636782,1.4429813163104712,0.3769982995319389,0
0.7955158674020095,0.0205961136533572,0.0196568297695726,0.0579546051908828,495947701,0,0.2044841325979904,0.4755210500048819,1.6384786352600171,0.4545967615322456,0
0.8577662039478432,0.0492839874058593,0.0216337238230116,0.0436404154922569,445068978,0,0.1422337960521568,0.6298104260836694,1.3406568086086037,0.38839781450239025,0
0.5299160903820517,0.298401685807641,0.2431845693844721,0.0772297551078555,304016901,1,0.4700839096179483,6.057298130920008,0.0873397151330848,0.721305791085324,1
0.7814273954866974,0.063920022863446,0.0182127728859478,0.0904428509186787,474539331,0,0.2185726045133026,0.6199355491727413,1.240487850722033,0.38986852090212804,0
0.8821369377679154,0.0402693105911844,0.0255634418749496,0.0528910499377542,559774032,0,0.1178630622320846,0.6723460798637304,1.2927998911404088,0.39543491169731154,0
0.7714793079161639,0.0621309769997918,0.0145637703056859,0.0616745179887255,398910068,0,0.228520692083836,0.5397993141128871,1.4032016557913722,0.40072460224626094,0
0.7719301397618133,0.0434592431687257,0.0176709721544091,0.1050568526885496,488204173,0,0.2280698602381866,0.5272564157630868,1.4368002263228632,0.38607477124388356,0
0.8657216935761176,0.0552112242837933,0.0173551114596799,0.0809861666304044,493832796,0,0.1342783064238824,0.5679471263287721,1.4979254228243044,0.3649106522560177,0
0.7983904196315901,0.0534650388173071,0.0246310770112079,0.0938544551023372,552699288,0,0.2016095803684099,0.7064816954933879,1.114320749090174,0.3757859622446582,0
0.8105599252272934,0.0749299951743279,0.0248942902539089,0.0302438268692984,478484534,0,0.1894400747727066,0.7976057857754912,1.003657897830642,0.4856901970921315,0
0.8554850379844822,0.0542192075423528,0.0200980832884699,0.0792485871004103,500114396,0,0.1445149620155178,0.6188384959388104,1.3604209085630246,0.35838409591143666,0
0.7836803991262342,0.0433190954635695,0.0252597380886145,0.0867710575257182,478820070,0,0.2163196008737657,0.6784711436265699,1.138290843967901,0.3817798034959775,0
0.806406473055284,0.0282733045398596,0.0224993206187018,0.0856201850056361,520481805,0,0.193593526944716,0.5630796305334758,1.4071455869136476,0.4101182097463397,0
0.9426488698800054,0.0406066460618124,0.0145414956193034,0.0799519231816229,470223253,0,0.0573511301199946,0.4532564966333184,2.0348314092314617,0.4474045105640631,0
0.8707906235398739,0.0482692817571613,0.0188839887268259,0.0886452590126831,424054458,0,0.1292093764601261,0.5707569015651648,1.499406414616952,0.3640744568741196,0
0.4288120158988648,0.2447625247140492,0.2792400250714192,0.102437230095885,314873035,1,0.5711879841011351,6.5638506002845824,0.065229960638336,0.7224408722823239,1
0.906720300607081,0.0564521558595005,0.0147172117861987,0.0953767935193779,515452372,0,0.093279699392919,0.5201528591619771,1.7102997464549212,0.3902925205937541,0
0.8967142548260771,0.0419039648007835,0.0173687607174128,0.036077443578001,461411402,0,0.1032857451739228,0.5149910735513921,1.7080561937179235,0.4214156044148122,0
0.9739947524014032,0.0596408716828835,0.0171319911355154,0.0888600426089475,480587847,0,0.0260052475985969,0.5812033094418442,1.6474785185505014,0.4234732106044091,0
0.9938149221479616,0.0497347874075094,0.0212887627007137,0.038443763602876,535570528,0,0.0061850778520382,0.6247144036443126,1.565767085860691,0.4635980591931519,0
0.7421451662315429,0.057388104808875,0.0147054620647169,0.0472394188512796,501310237,0,0.2578548337684571,0.5236616605298401,1.3906660738841763,0.41792181690162994,0
0.9270700903395456,0.0602257043200964,0.0279027034328418,0.0569127466353403,478361305,0,0.0729299096604543,0.798956885937223,1.1460067977114523,0.4325133478558344,0
0.8019489048064956,0.0561351797273041,0.0210482970763731,0.0698038661361823,579926905,0,0.1980510951935044,0.6455066604366793,1.223403137158455,0.3687582332565158,0
0.9517244075995328,0.0456837968728195,0.0186827589195887,0.0783256408030157,512565832,0,0.0482755924004673,0.5563903658830531,1.6803329733826058,0.39714923880318814,0
0.7503408977030409,0.0531978193414253,0.0131841299770359,0.067647166461326,378680396,0,0.2496591022969591,0.4764738769064204,1.5424073795587976,0.41014901165544193,0
0.8522995858347854,0.0617312463758664,0.0171508353588062,0.1133813905165266,448629822,0,0.1477004141652146,0.5899416926795898,1.420637365654752,0.3926229015355615,0
0.865724382120926,0.0589683931586553,0.0183937861694104,0.0819534075349667,459802579,0,0.134275617879074,0.6037492960228301,1.4105505093544302,0.3701387560485023,0
0.907403380463677,0.0441692256143106,0.0191282287104858,0.0780416950711419,471922112,0,0.092596619536323,0.5592414766669589,1.594057034945406,0.3770557368940077,0
0.9201889832460536,0.0551617828711495,0.0204668618713832,0.0690359940366645,503468490,0,0.0798110167539463,0.6299843689122635,1.4378304032800586,0.37835322922831355,0
0.7897011068514008,0.058534155587803,0.0223317918722316,0.0716806614410528,464401338,0,0.2102988931485991,0.6807724597958458,1.1432145211533085,0.37439599137353463,0
0.7596234516273905,0.0677225159666974,0.0137074754466233,0.1090200287626267,597259753,0,0.2403765483726094,0.5450395727992563,1.3685933199255451,0.43086393526985545,0
0.8681967947683303,0.0470243649664,0.0208238042061825,0.0969354155043298,530944314,0,0.1318032052316696,0.604573543989252,1.4126816932808188,0.3699163985372739,0
0.8772921579853314,0.0493740687210047,0.0207587899612437,0.0955205582768695,451687684,0,0.1227078420146685,0.6126720741088931,1.4089152131012548,0.3666799042838814,0
0.9763370252405912,0.0589519322002773,0.0200060273768111,0.0897207257883527,364780418,0,0.0236629747594087,0.6359282763373317,1.511525444863333,0.42099469170605347,0
0.8086169239919702,0.0486874303290769,0.0186055830292462,0.0720020187573772,492084726,0,0.1913830760080298,0.5668613819012323,1.4017525689220398,0.3680444792388881,0
0.853791893705313,0.034052969327332,0.0185245504288104,0.1118888478349839,468120622,0,0.1462081062946869,0.5067028858855376,1.652384604436773,0.405414763210719,0
0.9563322024105944,0.0528555407485765,0.0169570513838015,0.1178088137031156,448509407,0,0.0436677975894055,0.5505631906703362,1.7060203351329353,0.4364991263524705,0
0.8043402965000419,0.0432937979092335,0.017434018177433,0.0769740155953495,617182702,0,0.1956597034999581,0.5218555551855947,1.5123284671142747,0.3690432609367454,0
0.9751714924651204,0.0371700777581143,0.0209865785370279,0.1126371379817821,492754771,0,0.0248285075348795,0.5684118817730168,1.685946508353025,0.44737702122737694,0
0.9286152787156412,0.039321970784208,0.0217116891724481,0.0768127553570818,501700404,0,0.0713847212843589,0.5915216665857944,1.5437769415462836,0.39007778479724126,0
0.8538467957329106,0.0654324352827219,0.0230342529660783,0.121358126763271,538193017,0,0.1461532042670894,0.7224148004524547,1.1657967523395765,0.4115379868982398,0
0.7970570828185289,0.0556898307918527,0.017964818435366,0.0836942094956216,572663773,0,0.202942917181471,0.582055691874733,1.3462535598545855,0.36562862567669197,0
0.9125458297421848,0.0501557904758146,0.0274493171930104,0.089400883747364,368463493,0,0.0874541702578152,0.7496095057634669,1.2013354530430802,0.3973106392443974,0
0.7990090298154786,0.0380636316824352,0.0144756860346874,0.1059212612356279,526551304,0,0.2009909701845214,0.4417682474234888,1.7686259146639078,0.4332537222297097,0
1.0,0.0419632543203026,0.013944140353596,0.0543908885799506,421848284,0,0.0,0.4467358243531326,2.189449451258358,0.5136181675318495,0
1.0,0.0381240158097048,0.0182082992398938,0.058997185207957,380402189,0,0.0,0.5166620480366974,1.898750828406608,0.47150612161276745,0
0.8247784604287723,0.0470505032170797,0.0176497892612024,0.0947124399449149,502274573,0,0.1752215395712276,0.5411977980923688,1.4963384528806796,0.3680985733648715,0
0.8422629510503686,0.048796188360464,0.0276618386233905,0.0536836836714498,529626515,0,0.1577370489496313,0.7484215259096676,1.1105472646496153,0.40632965817387423,0
0.7650157029019116,0.0661371126905864,0.0233643061798341,0.0453759739311014,553518258,0,0.2349842970980884,0.7318345743590279,1.031248379819602,0.43107980522298556,0
0.2720572039706595,0.1322614563359431,0.098429745172708,0.2287379616564705,84412130,1,0.7279427960293405,2.4976407287979336,0.1084913005464994,0.6938933319718791,1
0.7412115087216065,0.034291238479315,0.0179190279755737,0.1065086421819015,475173413,0,0.2587884912783935,0.4955455134287346,1.466161777788367,0.42705100901430604,0
0.9903835345587492,0.0689988193489521,0.0201195152164247,0.1070440535773429,475794075,0,0.0096164654412508,0.6783855817243042,1.438704645843954,0.46246770130986303,0
0.8300828681216741,0.0463504727045711,0.0188530462796598,0.0885168731725965,562770180,0,0.1699171318783259,0.5624628164114819,1.450020585310849,0.3690999191964439,0
0.9071200395273672,0.0594077118798821,0.0276671685064816,0.1066114980807808,517973789,0,0.0928799604726327,0.7909742176491612,1.132520897101709,0.42400614391941605,0
0.8637094624951976,0.0454111573713106,0.0179535878094344,0.0831394592193686,538293913,0,0.1362905375048023,0.5407163856739321,1.5683380501530644,0.3656702886528537,0
0.9916640508508408,0.0482411418756766,0.0222737045607056,0.1060701586386951,487361837,0,0.0083359491491592,0.6384386587168199,1.5293105022658913,0.4331075881575099,0
0.8706040312578212,0.0437623103930419,0.018356907621255,0.0890120682572507,489982371,0,0.1293959687421788,0.5421873939972693,1.5766459733090654,0.3715052618367145,0
0.7176114662507385,0.04596351536758,0.0253577157611744,0.085336367925908,354287200,0,0.2823885337492615,0.6910083766938087,1.0236845808251758,0.42197101116672064,0
0.7828625981421888,0.0497444592900855,0.0176188956322767,0.0688890644102626,573109796,0,0.2171374018578111,0.5513557498058763,1.3945926418548529,0.37234326591650874,0
0.7214842943793942,0.067269638512334,0.0299625767658405,0.0727737887606541,457742302,0,0.2785157056206058,0.868330089366148,0.8214272778700518,0.5017607321230906,0
0.9342913437286272,0.0316936710314354,0.0192458114421665,0.071035507673997,479655737,0,0.0657086562713729,0.5116909129690722,1.7908905838733966,0.43445690195185216,0
0.7478601139343752,0.0567134007645046,0.0153665084557634,0.0751866965093957,513213413,0,0.2521398860656247,0.5341837721732875,1.3742786025163387,0.3922638169995146,0
0.8075599081911577,0.0380411693796481,0.0234166449640553,0.0709090456251311,505372218,0,0.1924400918088422,0.6204975767996996,1.280829519266667,0.38363454769722033,0
0.8052862522182729,0.0246971247725367,0.0194188547843902,0.0992060959256294,477572858,0,0.1947137477817271,0.4871655947779509,1.6197545861513964,0.42939154335159135,0
0.855927582433582,0.0528257995048829,0.0181523653558332,0.0977807424455978,534793191,0,0.1440724175664179,0.5743505051361961,1.4647503080947772,0.36640468180820196,0
0.8064493820379853,0.0672754317010071,0.005,0.0426051660060915,466067846,0,0.1935506179620146,0.3691017268040284,2.1272638055137865,0.5657189240080536,0
0.8016811850627343,0.062269332238843,0.0304422138643496,0.0792834884258707,488446526,0,0.1983188149372656,0.8579216062423649,0.9236792577771902,0.4473013982447211,0
0.857946584434338,0.0397581317567079,0.018851001847124,0.1055903733952031,517417086,0,0.1420534155656619,0.5360525639693124,1.5711794816928168,0.3843435849671483,0
0.1258792606840972,0.137140364192504,0.1279863520343826,0.2151847296638213,104238894,1,0.8741207393159027,3.108288497457668,0.0403680611292785,0.7034738909075425,1
0.9703194390866152,0.0449522507877178,0.0138373834261574,0.0918084412250292,583267595,0,0.0296805609133848,0.4565566716740203,2.0797461444610312,0.4747415929377216,0
0.5394803983511691,0.0650168504516878,0.0270527380003064,0.5772151314105531,409767334,1,0.4605196016488309,0.8011221618128797,0.6651037584097271,0.6584373241637919,1
0.9012674289013608,0.0411812534877228,0.0137911971225918,0.0735940439092671,655645510,0,0.0987325710986392,0.4405489564027289,2.0003762434547765,0.42695148576539427,0
0.8830345163420499,0.0461182318145877,0.0200353157931408,0.0900556885379038,396829842,0,0.1169654836579501,0.5851792431211685,1.4836446777131285,0.3674172437568257,0
0.8191934175666946,0.053958035334374,0.0156643489214454,0.065811179951449,509062558,0,0.1808065824333053,0.5291191197664064,1.5195035522421112,0.3710048747855078,0
0.8079395982655391,0.0439428507699666,0.0197567382421477,0.1005397252663946,509895833,0,0.1920604017344609,0.5709061679228213,1.390826338020362,0.37357394644040987,0
0.7287404708002214,0.0581080827315978,0.0224193832559402,0.0642132298856065,458694400,0,0.2712595291997786,0.6808199960451953,1.0548919761618267,0.40946821739863215,0
0.8521508671195624,0.0543192254467394,0.0320583833778921,0.0645077005996283,619605481,0,0.1478491328804375,0.8584445693447997,0.9812380630838304,0.4620812829282168,0
0.8080383786976181,0.0409629813926987,0.0183527610682645,0.0835738943362095,573551734,0,0.1919616213023819,0.5309071469360858,1.493857833594306,0.3749581127420678,0
0.8275119765691236,0.0607015023831642,0.0203874025925943,0.0805691516236631,497551748,0,0.1724880234308764,0.6505540613845433,1.252754354177508,0.37088180512759783,0
0.8297945478885471,0.0516936082403607,0.0234010805272522,0.0933083364738355,497008692,0,0.1702054521114528,0.674796043506488,1.2117396935291804,0.36712844448607435,0
0.6834456473693022,0.0486736625361742,0.0182429288214313,0.088481337230369,547763461,0,0.3165543526306977,0.5595532265733238,1.1999680020798125,0.4289497963805626,0
0.793745885989929,0.041567534046838,0.0241017200630622,0.0803522650386731,512477409,0,0.206254114010071,0.648304537448598,1.2057426932924744,0.378537052313683,0
0.87048237874511,0.0394631758085364,0.0183243110941427,0.0708430322763502,460455910,0,0.1295176212548899,0.5243389251170008,1.6290828495313272,0.37681029424724827,0
0.7456424399596118,0.0539968795175264,0.0174851261472432,0.0939080494910059,403162364,0,0.2543575600403882,0.5656900410149714,1.2952151102787977,0.3912348055309294,0
0.8124659478316236,0.051846803058649,0.0127517739015073,0.05228024115202,432124123,0,0.1875340521683763,0.4624226902647433,1.7197860402859175,0.40357783718013773,0
0.8815561713902638,0.0649268856895952,0.0216391058642154,0.0777374389496852,473117712,0,0.1184438286097362,0.6924896600426894,1.2549027003994515,0.38336887083906446,0
0.8510401513502326,0.0330704318580461,0.0119616948644097,0.0506642961876864,499535571,0,0.1489598486497674,0.3715156247203787,2.230682300296296,0.5105117718071321,0
0.7773580739583031,0.0467965269180568,0.0231770901510461,0.07097682283182,474115371,0,0.2226419260416968,0.6507279106931498,1.17651768810977,0.3764374785374657,0
0.9108331724915436,0.0540705228712453,0.0209990521685935,0.0590068900218011,388978949,0,0.0891668275084562,0.6362631348568528,1.409384387511587,0.3804324672342627,0
0.9305034247371552,0.0383008316428971,0.013771413117768,0.0790194131832392,489056687,0,0.0694965752628448,0.42863158892695,2.1213780498880617,0.4649934887925675,0
0.7599608762161298,0.0492216280298719,0.0199673934238527,0.0879163956219184,474381287,0,0.2400391237838701,0.5962343805965421,1.2535760104339826,0.3778581726959998,0
0.8557252989775513,0.0392786098801439,0.0261871906734206,0.1013675866738803,469320619,0,0.1442747010224486,0.6808582529889897,1.238640915521044,0.3862370911695034,0
0.8510073920625436,0.040667320409268,0.0114632102120352,0.0835550021253606,501620350,0,0.1489926079374564,0.3919334858777775,2.1172841327316614,0.4556113885959698,0
0.8085383825381082,0.0707674798356084,0.0085190952343138,0.0576562707658599,404417972,0,0.1914616174618918,0.4534518240287098,1.744600712776612,0.459251616763125,0
0.8351472818668946,0.0215145737936992,0.019313141058003,0.0733427919123497,513963391,0,0.1648527181331054,0.4723211163348574,1.7315171440411976,0.45335880662077593,0
0.8038582935545333,0.049173193141573,0.0193727286999855,0.0886954012911378,491104106,0,0.1961417064454667,0.584147346566002,1.352961177392442,0.3648354471611441,0
0.9430531001723969,0.0390768723532742,0.0166214596041919,0.0976281505784714,432071299,0,0.0569468998276032,0.4887366814969356,1.890883777270734,0.43463908354954284,0
0.6938329760381998,0.0366876704644222,0.0223103044662594,0.1100683965685799,510161797,0,0.3061670239618002,0.5929567711828785,1.1507176122710103,0.45087119855741997,0
0.8915477211392937,0.04984690150827,0.0148531424590896,0.0569333519358851,515370178,0,0.1084522788607063,0.4964504552148731,1.760384874688353,0.3965513561706675,0
0.8484787033677849,0.0442348959927328,0.026059719926932,0.0681237718386259,520210643,0,0.1515212966322151,0.6981339825095713,1.1981895013156167,0.3766599549891752,0
0.8781644317211437,0.0626192150071399,0.0238870367638225,0.0633143637993075,562656641,0,0.1218355682788563,0.7282175953050108,1.1895739647851535,0.38863822475887705,0
0.8555841667992015,0.0519204911649003,0.023331562504546,0.0815919572475207,496593828,0,0.1444158332007985,0.6743132147505225,1.2502815207377205,0.36055325393523585,0
0.8578140878839066,0.0455671774880849,0.0144173778002567,0.0880096277301265,466375720,0,0.1421859121160934,0.4706162659574737,1.7848211736550097,0.39817667950136093,0
0.7929723373858268,0.062969945465611,0.0223160314604956,0.1038547033083282,535920871,0,0.2070276626141731,0.6982004110723566,1.1197004760066556,0.38585553902023645,0
0.888480738538937,0.0457364240379445,0.0222864020230762,0.1038952572375387,499169482,0,0.1115192614610629,0.6286737366133024,1.3911339821961166,0.3709312914148939,0
0.7815132939272906,0.0508614388304637,0.0196823771269232,0.0720754064379648,446007877,0,0.2184867060727093,0.5970932978603195,1.287303445255793,0.37248504127376386,0
0.8480699930311997,0.0631759753560796,0.0244512375041825,0.0382704468325783,452948864,0,0.1519300069688003,0.7417286515079693,1.1281597306820346,0.42315323191913257,0
0.4050680071833968,0.0523313596199544,0.0293290989466153,0.5761603465133548,396271426,1,0.5949319928166031,0.7959074174121255,0.5026235004563222,0.6725969178704626,1
0.8414375712036354,0.0575334162110453,0.0170997337931497,0.1017753930843334,442144169,0,0.1585624287963646,0.572128340707177,1.4454502767919637,0.37277742838457134,0
0.9965167012683482,0.0513653533108273,0.0167498803279655,0.0784866879134834,473363725,0,0.0034832987316517,0.5404590198026198,1.8103376735032397,0.44078869406355986,0
0.7522297752886443,0.0382096020884019,0.0216752901454205,0.0920618936989766,448146696,0,0.2477702247113556,0.5863442112620196,1.2614019908011351,0.39551315537441195,0
0.9094611275218172,0.0561536748401305,0.0274083170123129,0.0442724906929062,484821783,0,0.0905388724781828,0.772781039606782,1.1618333627225703,0.4265451515240038,0
0.788612194968956,0.0479067632284813,0.0272424961494646,0.0595194281822724,532300309,0,0.211387805031044,0.736476975903218,1.0564454369336111,0.4073129695766995,0
0.7272708663411502,0.054558877720816,0.0143872759687779,0.1198310660440946,447077968,0,0.2727291336588497,0.5059810302588229,1.4094914806777714,0.4362364304209997,0
0.6404203916728204,0.0599626681944714,0.0169117405228282,0.0653393400895202,477702814,0,0.3595796083271796,0.5780854832344506,1.088992008696643,0.47393713639254986,0
0.7946473544095004,0.0497073718631502,0.0050443201454963,0.0885637249562115,433269469,0,0.2053526455904996,0.2997158903625285,2.5657300097820297,0.5603606193792667,0
0.9240942038025312,0.0577836107616663,0.0228530649860976,0.1036128182490428,452061077,0,0.0759057961974687,0.6881957427686186,1.3235460304271365,0.38916173210190164,0
0.8830747922578961,0.0451725647781796,0.0168782730514338,0.0956426000306291,445392920,0,0.1169252077421039,0.5182557201413963,1.671680511138671,0.37731053281527055,0
0.8346111228175102,0.0515041890514357,0.0237041217271006,0.0877795745870436,581482106,0,0.1653888771824898,0.6800991907477556,1.209407479398967,0.3683051892716098,0
0.8592539707434287,0.0526859227886325,0.0217029460820024,0.0841560501470662,402521914,0,0.1407460292565713,0.6448026127945801,1.312233570779883,0.35911446355662685,0
0.8910613946490684,0.0480365015091502,0.0272623376723537,0.0828717587301032,480631901,0,0.1089386053509315,0.7373927594836753,1.1922264209043774,0.38336081473720224,0
0.8666706246358041,0.0580040952522768,0.0275819702762678,0.0462163392406547,395032186,0,0.1333293753641958,0.7836557865344647,1.091998117244457,0.42028190776952207,0
0.7341588879667005,0.0453468954321994,0.0155537958588583,0.0977500793482811,576724105,0,0.2658411120332995,0.4924634989059654,1.461118846573363,0.40616298470920364,0
0.8473498421700962,0.063103087461196,0.0198447053356454,0.0652125718508192,469599692,0,0.1526501578299037,0.6493064565576941,1.2852139300958705,0.3792690711321572,0
0.8041070394495811,0.0631711506733986,0.0141220269718757,0.0727992146248603,574098038,0,0.1958929605504189,0.5351251421311094,1.4750870530498907,0.38953195990932404,0
0.8127416197143794,0.051975996046924,0.0161863761071689,0.1065159329508438,429721847,0,0.1872583802856205,0.5316315063310746,1.500543469525548,0.37814192686377684,0
0.7129492376727298,0.036528737104703,0.0153907009343734,0.0901117848367175,454966430,0,0.2870507623272702,0.4539289671062808,1.5367637897665511,0.44699688122238024,0
0.6731091752793692,0.0496435851770251,0.0144401648711291,0.0857391170860341,488923170,0,0.3268908247206308,0.4873776381306842,1.3533161197378,0.4441305651218067,0
0.8407481374089407,0.0607868083343129,0.017379558010327,0.0682693746087212,419205660,0,0.1592518625910592,0.5907383935437925,1.3995245625126704,0.3707740727094577,0
1.0,0.0556390912005236,0.0137121107054269,0.0831610697984026,487680829,0,0.0,0.4967985789106327,1.9731704894467288,0.47026394649046277,0
0.9740921580418018,0.0505701312489708,0.0227573813761976,0.0968146896425909,513103340,0,0.0259078419581981,0.6574281525198358,1.4594711870696109,0.4148922423463777,0
0.9940752346328652,0.0484872671634648,0.0171482431679315,0.0422070141580769,555962245,0,0.0059247653671348,0.5369139320124915,1.817608176436362,0.46875256770536566,0
0.7728061231535917,0.0705620712994032,0.0228602872085707,0.0850513769199324,517518510,0,0.2271938768464083,0.7394540293690273,1.031158807437762,0.42143342882459967,0
0.6522684399898169,0.0439778793963821,0.0321335824317276,0.1075299290003907,518510594,0,0.3477315600101831,0.8185831662200811,0.7872093793136113,0.5350362009024543,0
0.8463531186915602,0.0612605025077216,0.01906551920919,0.0744001339625104,480716368,0,0.1536468813084398,0.6263523942146882,1.3300069684440023,0.3671795393599257,0
0.3930934183646056,0.0551935205851175,0.0286313537391661,0.6120328632954526,394475625,1,0.6069065816353943,0.7934011571237942,0.4892865972111548,0.6761398722823652,1
0.8652879254415923,0.0489269785599577,0.0124141315166416,0.112295575814197,532225924,0,0.1347120745584077,0.4439905445726629,1.905960235925353,0.4312912043694455,0
0.8062512847007686,0.0488193147300892,0.0155246507886169,0.0654384580428935,485839098,0,0.1937487152992314,0.5057702746926964,1.563198432056103,0.3762611790630635,0
0.7933864427504975,0.0541901900936604,0.0178961910315947,0.0657555847270189,571224791,0,0.2066135572495024,0.5746845810065364,1.356947777525927,0.37266114261525635,0
0.8382354094798289,0.0466291402888196,0.0228760250805328,0.0531574450302977,467721396,0,0.1617645905201711,0.6440370627659351,1.2816328877983083,0.37968511607358374,0
0.8050169976607222,0.0519791078346264,0.0190308693061359,0.1007675770203863,471043794,0,0.1949830023392778,0.5885338174612256,1.344981643769649,0.3643267737428939,0
0.9248542714517968,0.0599831089814796,0.0204767209972065,0.1038341499421413,543071826,0,0.0751457285482031,0.6494668558700493,1.4024272231719912,0.3911465525972359,0
0.7695186094800238,0.0506447441481012,0.0199720199058547,0.1020775468663251,461874038,0,0.2304813905199761,0.6020193747095002,1.2573435438139224,0.38018692221294115,0
0.921170463649875,0.0428084668075758,0.0218436657365875,0.0775254210745032,456278217,0,0.078829536350125,0.6081071819620552,1.4903086237014869,0.38357263010818693,0
0.904900815229961,0.0563377688093209,0.0237209598574996,0.1074107228799342,499721985,0,0.0950991847700389,0.6997702723872776,1.2749207038305104,0.3872340090433999,0
1.0,0.0389641068278422,0.0200339992227999,0.0903125617688791,482856056,0,0.0,0.556536411767369,1.7651116137096934,0.4574338386171948,0
0.8312330293299882,0.0534648847589799,0.0240894482901251,0.0915971457059026,503613948,0,0.1687669706700117,0.6956485048384227,1.1779703685765217,0.3702921012187291,0
0.8934688153903948,0.0558209770346861,0.034926295013017,0.0301345835933984,553716650,0,0.1065311846096052,0.9218098083990856,0.9588531987288658,0.5242158228819163,0
0.8554022563750339,0.0497564540773901,0.0268032929791932,0.0717714678576799,407407863,0,0.1445977436249661,0.7350916758934258,1.1480496750273537,0.37821799793996463,0
0.8485189491206088,0.0445375555174751,0.0181536143037689,0.081571540594383,511351723,0,0.1514810508793912,0.5412225081452804,1.5393401695000684,0.36309681955745904,0
0.8746241415113647,0.0551310579817608,0.0297707871687514,0.0999116302800406,550357860,0,0.1253758584886353,0.8159399753020719,1.0589439519397128,0.42313943047005714,0
0.8801769500051616,0.0471399577811988,0.0210735659158526,0.089249672481337,511927747,0,0.1198230499948384,0.6100311494418482,1.419568921331608,0.368306768403192,0
0.8647868898955899,0.0595287454720293,0.016208589655562,0.1208415208028748,564046978,0,0.13521311010441,0.5622867749993585,1.5111075909391043,0.40628359463527725,0
0.7842223683546855,0.0516057398104986,0.0234941421010126,0.0941215782763026,547059093,0,0.2157776316453145,0.676305801262248,1.14267192104795,0.37317958226561426,0
0.686861425779192,0.0581573721253929,0.0149016783065394,0.1069245151240549,388476599,0,0.313138574220808,0.5306630546323603,1.270405698880689,0.4452622410015944,0
0.8091986880916202,0.0399026929529006,0.0087655533300769,0.1029288174080145,507904461,0,0.1908013119083798,0.3349218384131419,2.3460349504526725,0.5296633064894049,0
0.9465207173206686,0.0556091944794123,0.0185627624029982,0.0885868164560347,533545562,0,0.0534792826793314,0.5936920259776141,1.5678867312979337,0.3964451018891011,0
0.9343041641627924,0.0554329802903638,0.0135336352106441,0.1055773162662678,451512814,0,0.0656958358372077,0.4924046253743391,1.8596647343098145,0.43295252835601344,0
0.8039489739009781,0.0663996452937139,0.023147647921109,0.0864416462153397,436500070,0,0.1960510260990219,0.7285515395970368,1.0885482336677856,0.3977698817104608,0
0.8237870282721785,0.050519458858073,0.0143058344110961,0.0883921994404823,511077923,0,0.1762129717278214,0.488194523654215,1.6535449290565658,0.38265836083814003,0
0.9195684736084528,0.0435403582087546,0.0168231880558718,0.1209962419157185,581753319,0,0.0804315263915471,0.5106251939524556,1.7662773225154935,0.42797473937585206,0
0.8789308820038108,0.045322987986881,0.0271137406804997,0.084505282344951,440538376,0,0.1210691179961892,0.7235667655575184,1.198160717294511,0.38088387585517514,0
0.9655011683258607,0.0434623366135118,0.0276050311357969,0.0914101441670903,548478451,0,0.0344988316741392,0.7259499691699851,1.3119114189443704,0.42587215686352153,0
1.0,0.0421401053949205,0.017677978688453,0.0487701355511628,461045363,0,0.0,0.5221199953487432,1.8792753678512224,0.47089306108474194,0
0.8189838752051213,0.0333750801196432,0.0184609576443055,0.0654307675663931,415766621,0,0.1810161247948787,0.5027194733646847,1.5973332743353756,0.3963746158293902,0
0.9701885641676822,0.0483287828621358,0.0211265396102047,0.1254486944089376,472345509,0,0.0298114358323178,0.6158459236526377,1.5502035365275697,0.4413898219325878,0
0.8685802957728803,0.036769102065925,0.0211535045285934,0.0725035588675638,462653835,0,0.1314197042271196,0.5701464988355684,1.4971740715771569,0.38168464860975715,0
0.915752200350018,0.0450624341683868,0.0184196357198647,0.1163612384511565,505657022,0,0.084247799649982,0.5486424510708425,1.6392456366225732,0.40903688046452996,0
0.8443867430833082,0.0531917451041918,0.017719395862629,0.0836212548554216,395484855,0,0.1556132569166918,0.5671548976693485,1.4630158151530694,0.3621566519107814,0
0.8770797125995531,0.0520056919723094,0.0218605273630343,0.1224954280603392,510473504,0,0.1229202874004469,0.6452333151499241,1.33857618701648,0.3932723333775712,0
0.8793278596877478,0.0447138331825024,0.0214711206450674,0.0777698234571411,456086837,0,0.1206721403122521,0.6082777456313591,1.4222214302567455,0.3658229785838349,0
0.7822565025545276,0.0555005209902455,0.0178537778985066,0.0978590774021753,479168734,0,0.2177434974454724,0.5790776419311159,1.327934463766325,0.3754929162124584,0
0.7351310279056449,0.0560913812090717,0.0175638571794322,0.0625407781909259,473813434,0,0.2648689720943551,0.5756426684249318,1.2552552393130054,0.39549316628394576,0
0.6879885930673915,0.0667770081407644,0.0200713653391821,0.1001488794639039,571754369,0,0.3120114069326085,0.6685353393467011,1.0139318516995623,0.4558855474850332,0
0.7634761597108484,0.0323919118801922,0.0197729439103388,0.0932985432460348,471103961,0,0.2365238402891516,0.5250265257275452,1.4269874912699898,0.40807201720046204,0
0.8163212415343789,0.0472887639895743,0.0246213506976891,0.0540156727310835,532770191,0,0.1836787584656211,0.6815820699120803,1.1803678508295574,0.38272267698519846,0
0.7565057569904374,0.0494238120296641,0.0150282531269574,0.0648841699968327,405499491,0,0.2434942430095625,0.4982603106578054,1.488421860072736,0.3931496746916133,0
1.0,0.0596485163309745,0.0088088438333751,0.0860340001780347,549689110,0,0.0,0.4147709419914011,2.3542100015406504,0.5523820967887134,0
0.8308841562506872,0.0428317767939719,0.0227444191765868,0.1142408056803578,470544393,0,0.1691158437493127,0.6262154907076243,1.305979135035748,0.39154680203206166,0
0.7716989027374154,0.070574954697117,0.0210564184613973,0.1001426667294631,564563691,0,0.2283010972625846,0.7034281880164153,1.081677056920071,0.4126991335062946,0
0.7297485637505515,0.0545237179624973,0.0167395555570346,0.0792998477998752,569451218,0,0.2702514362494485,0.5528859829906834,1.2964411724614398,0.3950563883789861,0
0.770757093989545,0.0530263546523903,0.0140959359234557,0.0418128782498541,455962295,0,0.229242906010455,0.4940241370786769,1.529206713108725,0.42042731960635965,0
0.8472230584235805,0.0740341558523827,0.0188570004232999,0.0761146173604296,487865062,0,0.1527769415764195,0.6732766318755292,1.2399415096313684,0.40975244156163315,0
0.959349941395562,0.0501468819472919,0.0130947769842311,0.0587878986720679,527211017,0,0.040650058604438,0.4624830674737904,2.030443009365153,0.4586248368162048,0
0.2109204286997754,0.1462533934394979,0.1405888111185408,0.2108118018505424,89439692,1,0.7890795713002245,3.396789796128808,0.061911782446762,0.6891128961439665,1
0.8252630099319028,0.0617272901925936,0.0243719459035636,0.0840877806320595,522431788,0,0.1747369900680971,0.7343480788416474,1.1087057700426592,0.3812978944568246,0
0.8068192255752511,0.0536728731340134,0.016287578837308,0.0560060494326938,579633499,0,0.1931807744247489,0.5404430692822153,1.465763256184429,0.375701005644922,0
0.9128640126920664,0.0402834326545871,0.0213201004066683,0.107251257054249,440101678,0,0.0871359873079334,0.5875357387517155,1.5277145005570527,0.3897803506828247,0
0.7881592172915627,0.0411519728597309,0.0261790581000346,0.0826213037243169,511163541,0,0.2118407827084373,0.6881890534396178,1.128862180535069,0.3905532537184806,0
0.8147964410642413,0.0426447005741023,0.0174791008449616,0.0846289184505114,443937812,0,0.1852035589357586,0.5201608191956422,1.5368854346883785,0.37021540075866943,0
0.813148898323217,0.0565232287841342,0.0200010353245909,0.1031814812991179,535035030,0,0.1868511016767829,0.6261136216283565,1.2783076335351482,0.3724355001417153,0
0.8329242278630522,0.0477523459810731,0.0180399368004043,0.0772600902111508,471961954,0,0.1670757721369478,0.5518081199323798,1.482577766877603,0.36474975877696764,0
0.8808253903783069,0.0544047473796039,0.0166900891110169,0.0423997993218447,475206091,0,0.1191746096216931,0.551420771738755,1.5689219827943592,0.40382949642525173,0
0.8225828386778584,0.0708837470478072,0.0156516845936265,0.1129896178864784,567553644,0,0.1774171613221415,0.5965686800637597,1.356124814409132,0.4229595793712407,0
0.7846451463210211,0.0470451968197083,0.021436644522015,0.0875927929677193,530189526,0,0.2153548536789788,0.6169136777191345,1.251599979722491,0.36969214879385837,0
0.7919404949477227,0.0523836898273478,0.018516962704651,0.0763699367572866,485745287,0,0.2080595050522773,0.5798740134024116,1.3425587107656858,0.3652270761601881,0
0.9435436472356538,0.0489039019607416,0.0210769825272814,0.0418399572575338,493798930,0,0.0564563527643462,0.6171552583885955,1.5044817604814196,0.4240869572237832,0
0.7680489886932568,0.0407932640692063,0.0146447316017547,0.1034551369053489,485412068,0,0.2319510113067432,0.4560676883119204,1.6479344265960618,0.42052862998682156,0
0.8428703968389769,0.0370316805204415,0.0234485390262259,0.1117725385608719,534011510,0,0.1571296031610231,0.6170975026062856,1.3440818905129035,0.3929938567113289,0
0.8717263069756298,0.0483986720443335,0.0179350108892828,0.0851439794071185,494267958,0,0.1282736930243702,0.5522949059629909,1.550300914575607,0.3654396354669044,0
0.8483278724828681,0.055365098435704,0.0299783374489198,0.1020164279684521,434631510,0,0.1516721275171318,0.8210271427212126,1.0208184893997614,0.4341728971967104,0
0.869494976919353,0.0500304602015341,0.0221048647219469,0.0751463744637593,509594886,0,0.130505023080647,0.6422191352450756,1.33313319087554,0.36060406545851903,0
0.768301374629543,0.0525373966149457,0.0169800968701538,0.1049900980141231,500157386,0,0.231698625370457,0.54975152386286,1.3725757624159287,0.38243316380481673,0
0.915080770880051,0.0555781030635186,0.0224887154454569,0.0597048101362829,519171751,0,0.0849192291199489,0.672086721163214,1.341590068370624,0.38372854367026016,0
0.8737587738586549,0.0415303865168167,0.0117840559442291,0.0620671554536958,512176510,0,0.1262412261413451,0.4018026649518501,2.121789993663151,0.4538168111100526,0
0.8969485675040216,0.0663343153230109,0.0201123294640602,0.0772120559867353,515383832,0,0.1030514324959783,0.6675838505732485,1.3237454917870113,0.38847676168253525,0
0.8731334915126254,0.062657078408647,0.0170556658663065,0.1018172334120739,391089434,0,0.1268665084873745,0.5917416309607184,1.4510106108474043,0.3840361702702352,0
0.9977365860588828,0.052801611588196,0.0175013491192418,0.0907258181903438,476291091,0,0.0022634139411172,0.5612334287376213,1.74663550111869,0.4426997716986398,0
0.8759267175515836,0.0437443729849047,0.0241254913233381,0.0525665260553906,463097145,0,0.1240732824484164,0.6574873184063823,1.3122746955595317,0.38316978000171376,0
0.8372049176029258,0.0575915516030264,0.0131702214439973,0.0815431299243543,416355304,0,0.1627950823970742,0.4937706352920524,1.6618771697909118,0.39133055890615,0
0.8043056808173762,0.0483693303605623,0.0216708820862244,0.1128675631160906,540401809,0,0.1956943191826238,0.6268949631667392,1.2628545165724745,0.3765552448018496,0
0.7214013412351018,0.0484994441296747,0.020866708321852,0.0780181139951746,519065480,0,0.2785986587648982,0.6113319429557398,1.1610562589190596,0.40046797806828227,0
0.8279958642278684,0.0619663148664565,0.02536489023883,0.0781720088498177,516159274,0,0.1720041357721315,0.7551630642424273,1.082116875371723,0.39126926856326266,0
0.949025304957877,0.043431057210286,0.0203467216851812,0.0719120515363207,547139425,0,0.050974695042123,0.5806586625447693,1.606723756270899,0.39608214991004664,0
0.844739979114161,0.0695834745422059,0.024927248428076,0.0834450877282207,492837054,0,0.155260020885839,0.7768788667303457,1.073532426438444,0.41039969394865544,0
0.8577596771994175,0.050566499248971,0.0221975061531011,0.0839226291804781,499006318,0,0.1422403228005825,0.646216120057907,1.3071298478978626,0.36066171266359837,0
0.7370157038931766,0.0542416594640191,0.0138037080257326,0.0910348159982184,495595437,0,0.2629842961068234,0.4930407983707294,1.4651211318848398,0.4100683312958382,0
0.9097002852821776,0.0387323253109019,0.0143496533047982,0.0518636998100492,442325378,0,0.0902997147178223,0.441922367339572,2.0129569833808065,0.4455856958084861,0
0.8001487578860188,0.0435377269015619,0.0172586560253746,0.0695067518586639,368759147,0,0.1998512421139812,0.5193240281137402,1.5116426147087436,0.3720897507689458,0
0.960572719283002,0.0491163704079466,0.0225413431983729,0.0721389448587719,446788999,0,0.0394272807169978,0.6472923455992455,1.4614086497649073,0.3964304954617039,0
0.8386096411982965,0.0650133365195548,0.0241486620893958,0.0825235580732393,480752855,0,0.1613903588017035,0.743026587866137,1.1136521003523627,0.39107375629018476,0
0.819235556461614,0.0446729916033808,0.024592272219712,0.0637519530212516,484832496,0,0.180764443538386,0.670537410807765,1.203806790708568,0.37421183775512207,0
0.8992748485555411,0.0365402031975325,0.0193275160779913,0.1011473661075645,526344896,0,0.1007251514444589,0.5327111343499569,1.657004604544673,0.39004004476796184,0
0.7437451160881255,0.0522445181855997,0.01987212843904,0.0607453486943077,498884985,0,0.2562548839118744,0.6064206415231994,1.20655452784693,0.3958383913549299,0
0.916174659922882,0.0471932492313322,0.0304476936084738,0.0649512952529393,524575282,0,0.083825340077118,0.7977268690948065,1.134262948253299,0.4289410342820068,0
0.823239901132724,0.0377605973323774,0.020521779687616,0.0954384030967335,422844088,0,0.1767600988672759,0.5614779830818311,1.440545262466993,0.3810511564863045,0
0.9353339751671323,0.0456361410947343,0.0238410360831586,0.0640011898659613,471527511,0,0.0646660248328676,0.659365286042111,1.3973446108890215,0.3878573219777816,0
0.7131865285874699,0.0474045332241608,0.0174712664786903,0.1140634521983607,525899738,0,0.2868134714125301,0.5390434624704497,1.2989618806832703,0.4309443132579892,0
0.8420659308976494,0.0465680772450258,0.0190474844700109,0.0321939126506112,463591404,0,0.1579340691023506,0.5672219983803225,1.4588250850807412,0.40888221321704277,0
0.9456037303139874,0.0707408266974997,0.0204587624222418,0.0747468095936766,522369696,0,0.0543962696860126,0.6921385552348363,1.3467480503156846,0.42094223383016277,0
0.8734457978638945,0.0664201516013636,0.0136991761741371,0.0592291235831205,549508311,0,0.1265542021361054,0.5396641298881968,1.5890536608993493,0.4083752078185299,0
0.7468031280207157,0.0706252491924314,0.0148373804823623,0.0775253463980048,399133060,0,0.2531968719792843,0.579248606416972,1.2673820860804088,0.4209244654276961,0
0.8970653765187661,0.0550799132691254,0.0187423055697775,0.0757666603613764,509284429,0,0.1029346234812339,0.5951657644720522,1.482346539053424,0.36977995243460254,0
0.8091027458855051,0.0608004806571464,0.0156945604491321,0.0610421456546202,563075962,0,0.1908972541144948,0.5570931316112289,1.4267546206858068,0.38689555325974306,0
0.7476338426611439,0.0483117827680998,0.0223164426505905,0.0904255981002763,524790251,0,0.2523661573388561,0.6395759840842102,1.1509567178890985,0.38571082819168456,0
0.8218789212766953,0.044709473226537,0.0188268971502129,0.0980803510952263,500707463,0,0.1781210787233047,0.5553758359104068,1.4536859714799264,0.36941170747917856,0
0.80871642174261,0.0493933918618538,0.0334651683199024,0.0479945779099258,497130231,0,0.1912835782573899,0.8668769338454648,0.9222690100833842,0.4795250549124262,0
0.8751397866076219,0.0451611416594567,0.0099806881779662,0.0233568880377886,534808399,0,0.124860213392378,0.3802583301971518,2.2424627967979984,0.5184244763147613,0
0.8046961816317783,0.0424572414998064,0.0255716084733443,0.1063660464970533,589936250,0,0.1953038183682217,0.6812611354661129,1.1640986891143197,0.38564680128523854,0
0.7845423453413222,0.049295012219409,0.0222888643307594,0.0490207894989305,561014144,0,0.2154576546586778,0.6429573354928249,1.201521604392701,0.3891569850375507,0
0.8112612741706998,0.0379035898130879,0.0218181594131248,0.0829617883959655,551772170,0,0.1887387258293001,0.5879775475148485,1.3566751419718734,0.38181826556991183,0
0.8843694575306068,0.0312482753035425,0.0229751473291778,0.0917233160078556,486719771,0,0.1156305424693932,0.5844960477977268,1.4875951838648849,0.40608873819506697,0
0.1170143984981452,0.1504709338787327,0.1132620974642972,0.2151286356015281,97430548,1,0.8829856015018547,2.867125684800876,0.040670589789074,0.7051417277169788,1
0.8142788038346382,0.0510537550614596,0.0120093782405812,0.07180626814741,519789942,0,0.1857211961653617,0.4444025850574636,1.791976609753804,0.4091508125957806,0
0.8741237873866889,0.0536496100246622,0.017433932167642,0.0850294721788102,481366220,0,0.125876212613311,0.5632770834514905,1.524784109847739,0.36492956253621134,0
0.8585144182153517,0.0497713193770111,0.0131643109676987,0.0548426368818222,492112650,0,0.1414855817846483,0.4623714968620201,1.817456014849524,0.4162092872142857,0
0.7880968640717141,0.0512267031599479,0.0169762766773089,0.0644029410755672,482741764,0,0.2119031359282859,0.5444323461859706,1.4214482064279967,0.37381982092368393,0
0.9000533878212005,0.0517989415115347,0.0190498048249925,0.0995684422405607,513917431,0,0.0999466121787995,0.5881918625459897,1.504623255807,0.3715837170286965,0
0.8051855167842424,0.0599204234953652,0.0150096968634279,0.061241488469272,431719129,0,0.1948144832157575,0.5398756312500197,1.464304782799399,0.3837374160840926,0
0.8274572312911594,0.0501884962294484,0.0181674648981597,0.0896181618549779,447468833,0,0.1725427687088405,0.5641032828809888,1.4413037792412184,0.36710652524864595,0
0.879493864709832,0.0569695440451073,0.0197724387734937,0.0688776250647844,480406161,0,0.1205061352901679,0.6233269516503053,1.3886885161259472,0.36677107434190087,0
0.8642160800746603,0.0359368253632816,0.0243725853706626,0.0769935907945625,513954192,0,0.1357839199253396,0.6311990088663789,1.3478125638443657,0.38107192845725846,0
0.9311496052014504,0.0671061337258192,0.0242698798827611,0.0530390577611966,535074739,0,0.0688503947985496,0.7538221325584994,1.2190660174803665,0.4350497359571028,0
0.9382641505613216,0.0490946671769583,0.0094998674617418,0.0768369231125535,498105345,0,0.0617358494386782,0.3863760179426712,2.367106252873818,0.5099732694795001,0
0.7717955804161158,0.0563081168455477,0.0089034981362623,0.0884878787572202,517202696,0,0.2282044195838841,0.4033024301074376,1.8673869887856407,0.4662412541056393,0
0.9660914886236032,0.0362809885706864,0.0208000911292639,0.1090185509655842,445393939,0,0.0339085113763967,0.5611257768680246,1.6915564447493798,0.4401530404316997,0
0.7924124633284233,0.0588365993748667,0.0256051533366223,0.0390011744284504,479244985,0,0.2075875366715767,0.747449464231914,1.0461588538213082,0.4277666356941971,0
0.6560896538696834,0.0594752646212285,0.0157684201126713,0.1089461139878361,505791229,0,0.3439103461303165,0.5532694607383408,1.164788257843187,0.4724113179203034,0
0.887906633672943,0.0725243580534431,0.0184114245162188,0.0821881694366594,476129464,0,0.112093366327057,0.658325922538149,1.3285533356253436,0.4065727279298087,0
0.8576896621552786,0.0429159323308953,0.0217490001228395,0.0556543461555904,430227574,0,0.1423103378447213,0.6066437317803722,1.3908998307320164,0.38106408795047164,0
0.7847351772027649,0.0528119142396937,0.0196202448817873,0.0921649238336993,491968444,0,0.2152648227972351,0.6036525545945228,1.2787939548647145,0.36945819910704836,0
0.768973510373246,0.0434858199638555,0.0186774257934469,0.0496130784904631,475958310,0,0.2310264896267539,0.547491795724361,1.3793449809859577,0.39211859900392426,0
0.845980951244069,0.0480634054072028,0.0227363239868898,0.0624645243757631,552890709,0,0.1540190487559309,0.646980101366608,1.2876812394839867,0.36840540993855614,0
0.8774894631654769,0.0647654034972589,0.0183605264174354,0.0885097986648046,494782860,0,0.122510536834523,0.626272142337744,1.3791102969579496,0.3850277094635544,0
0.9185119035458778,0.0366597450508179,0.0223108633304097,0.0942464431916032,513177540,0,0.0814880964541222,0.5928562468114661,1.5236002088456886,0.3954212225197531,0
0.8537149238524919,0.0544771692581027,0.0237528958376088,0.0735594369101588,546412284,0,0.146285076147508,0.6929665937845877,1.2144459372618472,0.3647157937592093,0
0.9104312980660604,0.0487825249161671,0.0216393976207967,0.0895086136505324,454359454,0,0.0895687019339395,0.6279180520806044,1.4271916198274048,0.37410052238788344,0
0.9323324509860514,0.0579994190194205,0.0299353055584972,0.0958635137643735,514547368,0,0.0676675490139485,0.8307037872476262,1.1089904257936172,0.44780117836763617,0
0.7027300614934684,0.0489555078146252,0.0220743275018095,0.0657063864601913,525943559,0,0.2972699385065316,0.6373085812946923,1.0856183307317304,0.4202331613939277,0
0.8397665926815386,0.0572238135782777,0.0169706958962055,0.0739563882603475,440273853,0,0.1602334073184613,0.5683091722372215,1.4521066464030898,0.3685254393219789,0
0.7509747600938521,0.0595670231679458,0.0150941723443015,0.0975291129100587,548655078,0,0.2490252399061479,0.5401515395578153,1.365032552117274,0.39903749379910575,0
0.8997447969773757,0.0425752941430195,0.0175442312642894,0.0445786289382381,383984220,0,0.1002552030226242,0.5211858018578676,1.6938419547932977,0.4051368954875008,0
0.7475656518002973,0.0567257370120273,0.0207244391654844,0.0695086597246589,570346737,0,0.2524343481997027,0.6413917313577984,1.147643753846903,0.38583668183518666,0
0.9371160477573892,0.0487017930026657,0.026606520161365,0.060242533181985,525995106,0,0.0628839522426107,0.7269375752379642,1.2716355892896158,0.40372774007797485,0
0.7579205138062157,0.050380034781682,0.0290025559075542,0.0838084777985011,460942181,0,0.2420794861937842,0.7815712572778134,0.9574886743774385,0.4305843570646135,0
0.7601822382750161,0.0445127509225903,0.0273846721305913,0.0995777911711355,534279487,0,0.2398177617249839,0.725744446302189,1.0332150546234498,0.41414060104548717,0
0.7395918833428087,0.0660734557601999,0.0241302358572075,0.0544739116692332,486372763,0,0.2604081166571913,0.7468985401849504,0.977134773125718,0.4452246790177061,0
0.3989796355309701,0.0624832514251588,0.0220878601298818,0.4550666099952113,468274762,1,0.6010203644690298,0.6916902082982713,0.5685979807222473,0.6622823824605008,1
0.905211519336889,0.0619657150166449,0.016853683031536,0.0658195808473901,470168547,0,0.0947884806631109,0.5849365206973007,1.5215262264887146,0.3923593117635781,0
0.904367819914774,0.0721052300159135,0.0250375684491846,0.0792196096124491,500427804,0,0.095632180085226,0.7891722890473463,1.131630603699768,0.42165792980791184,0
0.693226390089618,0.0353562511979018,0.0174551818714625,0.0834092754199314,488924336,0,0.306773609910382,0.4905286422208573,1.3849884534354644,0.4492700753105487,0
0.937320548153797,0.0554673356820138,0.02312815466823,0.0867737463584338,501778303,0,0.062679451846203,0.6844324360926552,1.3497649295125007,0.3803763234861956,0
0.1963217286958293,0.1565597792027189,0.1030713139708204,0.2087289419041233,103078323,1,0.8036782713041706,2.687665396227284,0.0727746773081597,0.6924329264668436,1
1.0,0.064711703274936,0.0255869940795123,0.0463468261175462,549722368,0,0.0,0.7705866946899904,1.2810876828961957,0.48589343744916225,0
0.8039345407484255,0.0544460266822014,0.0189534309021031,0.0756269344512992,519368574,0,0.1960654592515744,0.5968527247708695,1.324760535683462,0.36141512731904457,0
0.2006410112918064,0.1366103845429696,0.1385134441900544,0.1847897402218983,120682260,1,0.7993589887081936,3.3167104219729677,0.0603121359666804,0.6856249206522242,1
0.8200143353960322,0.0520115965587284,0.0123221393839644,0.0852955062195596,452496825,0,0.1799856646039678,0.4544891739142029,1.7654110826434444,0.39943875855379807,0
0.8986317207773231,0.0421221624809176,0.0191221802725039,0.0782512934244563,553132864,0,0.1013682792226768,0.5509322553737489,1.602032530966801,0.373811116646877,0
0.7813313775855029,0.0661227825798864,0.0143469233253123,0.0855471692392935,466728885,0,0.2186686224144971,0.5514295968257932,1.3916818457790414,0.4033333433557465,0
0.8988468596227058,0.057600559636896,0.0147897779387844,0.0565553249312672,451075022,0,0.1011531403772941,0.5261977973232739,1.676334487216833,0.391592290927035,0
0.8638544740680946,0.0340700626646833,0.0209485308380519,0.0492991950493528,380653506,0,0.1361455259319054,0.5552508674197728,1.5282674010061614,0.4094845162325188,0
0.9358905399887818,0.0302070018962421,0.0164058380619563,0.1171100662958852,583186641,0,0.0641094600112182,0.4489447688240955,2.039222589652155,0.4950723942582017,0
0.8055840378645441,0.0377045040554758,0.0243457729624844,0.093430623434581,554827355,0,0.1944159621354558,0.637733475471593,1.2436967801888352,0.3853658219377,0
0.8950375389352456,0.0499662554258904,0.0169388163274612,0.0810239580376217,520649945,0,0.1049624610647543,0.5386413482527869,1.6313709161469478,0.3699601607276867,0
0.2317840153178084,0.143980821035237,0.1133845020795389,0.1845829812005347,86021945,1,0.7682159846821915,2.843613325731727,0.081224745212589,0.6864429200927253,1
0.9018967910071714,0.0462998897011787,0.0396311885321816,0.1000326365041712,499507759,0,0.0981032089928286,0.9778233294483474,0.9130142649200622,0.5029790886033882,0
0.9415003234565544,0.0418974756298561,0.0287931024209756,0.0586753013620155,541580839,0,0.0584996765434456,0.743451950938938,1.2495824349293594,0.42734373542598425,0
0.7720254663818142,0.0250059428512642,0.0144427102153148,0.0678699322356852,500641432,0,0.2279745336181857,0.3888779757113539,1.9354928408995105,0.49978832400246737,0
0.9077337651234588,0.0540373009033661,0.0233957138771909,0.0576090774323366,488434952,0,0.0922662348765411,0.6840634811572839,1.3078540937060978,0.3816238349396121,0
0.9426876463205924,0.036104275332364,0.0224911087424839,0.0708181937956201,486567712,0,0.0573123536794076,0.5942392761791346,1.5601230894516036,0.40695354867164624,0
0.8984807961076512,0.0475874234538145,0.0252254423704237,0.0861522533637839,493567027,0,0.1015192038923488,0.6948585412237337,1.2746966143699727,0.37400120884470844,0
0.8894654320704711,0.048625514853723,0.0209751249201406,0.0820687625861621,425137117,0,0.1105345679295288,0.6140045578177051,1.425414960398922,0.36479017722257784,0
0.7955980222737207,0.0436103825231049,0.0201044324414798,0.0218602356135671,504305543,0,0.2044019777262793,0.5765301789220161,1.3564485696813595,0.42158166461907465,0
0.9250627044780798,0.06901190685753,0.0209191725816125,0.0522291489233757,525351013,0,0.0749372955219201,0.6944310790623707,1.3132054106831568,0.4276838152285191,0
0.7740480888934446,0.0551120259952498,0.019630262171958,0.066154993414682,473262166,0,0.2259519111065554,0.61305334742016,1.2423464091774796,0.37801811075135383,0
0.9325475631574908,0.0473146935209416,0.029162785217396,0.0547100318609006,515367280,0,0.0674524368425092,0.7725144784316869,1.1917320239575628,0.4282792638821808,0
0.8478788899640626,0.0521743287317972,0.0191860354696385,0.0743372220651246,461131425,0,0.1521211100359374,0.5924180243199595,1.4074593649836291,0.3608362073088098,0
0.855142401527637,0.0504381147197911,0.0270980150225681,0.0630629806774927,593440892,0,0.144857598472363,0.7437127593305282,1.1345733383725676,0.38606316044325095,0
0.9335328701655258,0.044075357408471,0.0222884329302677,0.0621936430396025,523768280,0,0.0664671298344742,0.6220700882392395,1.4769451798709103,0.38979358580239026,0
0.7858178184622705,0.0486041037184482,0.0256271739220738,0.1014122111995837,544309559,0,0.2141821815377295,0.70695989331527,1.0960415300618795,0.384463903396005,0
0.9904272673954564,0.060725073373098,0.0258479499621388,0.078455579095539,445697270,0,0.0095727326045436,0.7598592927351695,1.2865042699902332,0.4428317733257648,0
0.8554014785128087,0.0550783575628962,0.0133676393584445,0.0693566287374562,389082611,0,0.1445985214871913,0.4876662174204766,1.718825687921032,0.38841650154408,0
0.9504604900458816,0.0341880929796786,0.0245769513778008,0.0930995116844338,571365268,0,0.0495395099541183,0.6282913994747309,1.4890698681323984,0.4217012377204296,0
0.8132511280367805,0.0517644155527722,0.0134037640270061,0.0660861024560587,551075769,0,0.1867488719632195,0.4751329427512122,1.6763469481680509,0.3936362124702294,0
0.4866773906752933,0.3279870397806799,0.2174870563865374,0.0715221991535529,302015821,1,0.5133226093247067,5.661689286853467,0.0858081897757293,0.7192436742799202,1
0.8225849924735721,0.0460824185095617,0.0213022113166677,0.0571396137585254,524013025,0,0.1774150075264279,0.6103739003716027,1.3259503534575607,0.37115024147436776,0
0.910154642614942,0.0605065439600761,0.0190448611869991,0.1131081422617659,448009673,0,0.089845357385058,0.6229233995802876,1.43801705422567,0.39761308807004964,0
0.8989341031072694,0.052606737658239,0.0184813698561166,0.0643249295775114,509742117,0,0.1010658968927306,0.5800543477552899,1.523476789090756,0.3730988314253422,0
0.877715856759758,0.0284660988639628,0.02830735082864,0.072615855991051,556389012,0,0.1222841432402419,0.6800114120286531,1.2720309279802322,0.42602412601872147,0
0.8537584475011794,0.0571895331066506,0.0186417244483697,0.0780230959752138,517429755,0,0.1462415524988206,0.6015926213939974,1.3959593651656812,0.3649588590049791,0
0.3403846290643578,0.068891538247878,0.0298005280812414,0.5589758774511273,427238869,1,0.6596153709356422,0.871576714616341,0.3861089153341487,0.6789751128094618,1
0.8911028760729767,0.0433709908244905,0.0217780667439283,0.0966038362372522,357268666,0,0.1088971239270233,0.6090452981765281,1.4394792734842292,0.3750765118559476,0
0.8658467808614284,0.0399345743472035,0.0208591966989676,0.0832097924794696,512304180,0,0.1341532191385716,0.5769222313681676,1.4752325514115612,0.375775188017033,0
1.0,0.051429430947637,0.0262857460843128,0.0652645972810475,458823251,0,0.0,0.7314326454768056,1.34874018037999,0.44099212709326896,0
0.7232877741211421,0.0422712233217639,0.0227173968933504,0.0913620641025729,519480226,0,0.2767122258788579,0.6234328311540649,1.1418539402249936,0.4098449974125248,0
0.8124420491252038,0.0604955271531933,0.023296228342162,0.1016538210777414,475586307,0,0.1875579508747962,0.7079066754560139,1.131681981657492,0.379754422018709,0
1.0,0.0458918571204541,0.0261449025124453,0.0999223642982225,473893421,0,0.0,0.7064654787307229,1.3957406597894733,0.45047505686144557,0
0.8667090876003805,0.0377423433699765,0.0219620798358938,0.0731490159828447,525847325,0,0.1332909123996195,0.5902109701977831,1.4440074084530314,0.37804456206264564,0
0.7711419162931565,0.0524075317948856,0.0196641085497532,0.0774469063696361,557483600,0,0.2288580837068434,0.6029122981746072,1.2581602924101756,0.37165965420255326,0
0.9401252023638206,0.0532579631658216,0.0275964196182088,0.0910159514454732,531330681,0,0.0598747976361794,0.7649602450274635,1.213127006702781,0.4076715034835447,0
0.9325972208440916,0.0537405656984757,0.0199395552607697,0.101162366501743,445418741,0,0.0674027791559083,0.6137533680092975,1.4951377718736272,0.3842975954401428,0
0.8988296212346771,0.0424425484050715,0.0212510010312584,0.0594849463271944,535171395,0,0.1011703787653228,0.5947902142454558,1.4861841347020948,0.3842582543284707,0
0.82537774120376,0.0673251499948509,0.0173233245649188,0.0516946561615162,474087368,0,0.17462225879624,0.6157670912777814,1.3189855342478698,0.407155836208987,0
0.9841149849820224,0.0374571057683075,0.0127570429268322,0.1062396747714789,485040911,0,0.0158850150179774,0.4049692816098756,2.3715369512753885,0.542154385511048,0
0.9576336036923982,0.04331855914461,0.0270522957260175,0.0809386980412073,538589808,0,0.0423663963076017,0.7143201510987907,1.322113712064578,0.40881400051393835,0
0.941941866102854,0.0475393751187005,0.0212658261901899,0.0845152304622351,450278573,0,0.0580581338971459,0.6154740242786002,1.5059648035572009,0.3878403722119428,0
0.8302258093983522,0.0618891337147464,0.0203601843064187,0.0404902445756572,494259887,0,0.1697741906016477,0.6547602209873602,1.2489101832315237,0.40815938269549007,0
0.5906986127944742,0.0553875599244636,0.0261789109591107,0.0619077125001246,537975744,0,0.4093013872055258,0.7451284588800702,0.7822491734327407,0.5200521953448618,0
0.9023492525083244,0.0470818873108445,0.0232576099566975,0.0806805482214446,503391925,0,0.0976507474916754,0.6534797483773288,1.3600253130788067,0.36983188503963793,0
0.8745839616701288,0.0470972545581134,0.0270079929647321,0.0610898624011453,506313386,0,0.1254160383298712,0.728548877527097,1.1841923917053692,0.390278928700769,0
0.8765851209583673,0.0435648176961985,0.0250883073342175,0.0689976943412692,510022981,0,0.1234148790416327,0.6760254174691446,1.277773532345532,0.372999762752018,0
0.8700394280276701,0.0400860765054369,0.0191207279778396,0.0968396739090425,496979813,0,0.1299605719723299,0.5427588655785406,1.5739945249309577,0.37872661463571405,0
0.7989808012598947,0.0596945720052673,0.0169606236966209,0.0770011856184178,471907895,0,0.2010191987401053,0.5779907619534876,1.358832235060008,0.3690893572406445,0
0.8231372240567897,0.0502421945667275,0.0290465317486655,0.0700613594976404,540699043,0,0.1768627759432103,0.7818994132402215,1.0394466901910586,0.4050737487923101,0
0.8774180277102163,0.028643257860213,0.0246609578213019,0.0781411158677282,490215073,0,0.1225819722897837,0.6077921878668907,1.4202478518541326,0.4109413907934556,0
0.856927182997832,0.0489984592352004,0.0120700834388102,0.0693709089728157,569659062,0,0.143072817002168,0.4373955057170061,1.9153683308116856,0.417125734224117,0
0.8055618304671797,0.0677531089260951,0.0241666695589015,0.089873096952863,627450485,0,0.1944381695328203,0.7543458268824113,1.0539232401554135,0.4081252154318734,0
0.9849713308058052,0.034743436854299,0.020126942102712,0.061508717712438,544057336,0,0.0150286691941948,0.5415125894714372,1.7859453249286463,0.4644293012333689,0
0.8668813973762095,0.0610708066928697,0.0159078566702899,0.0512818095226294,469582461,0,0.1331186026237905,0.5624403601772788,1.5143610717940037,0.391713505444822,0
0.7443634709532578,0.035599491174057,0.0158575148760987,0.0657565227164791,495258788,0,0.2556365290467421,0.4595482622182036,1.5852757444714916,0.4277467484623379,0
0.7510439431297534,0.0390372491310479,0.0119954801076174,0.0658474821035594,519418786,0,0.2489560568702465,0.3960585986765404,1.8495949736752717,0.47455069575576486,0
0.8301985091558796,0.0496296320295158,0.0187925127706461,0.0554311233746847,560122562,0,0.1698014908441204,0.5743687835309856,1.4206756633020234,0.37463829332713255,0
0.3602178413684992,0.35776624995997,0.2786293696468336,0.0945812729000473,300627917,1,0.6397821586315007,7.003652392776552,0.0513595229982444,0.7338225365967718,1
0.945121322488604,0.0591915417361,0.0211027071350693,0.0578568636639509,507443840,0,0.0548786775113958,0.6588203096457868,1.4131169596048136,0.4031381246195265,0
0.8307011153714936,0.0322696753179311,0.026029972582734,0.0903058864324893,512010292,0,0.1692988846285064,0.6496781529264064,1.259252124216044,0.40293826587074283,0
0.8384511670460846,0.0613987856112904,0.0227662560999239,0.1242506207879448,459885998,0,0.1615488329539154,0.7009202644436402,1.1793884757276527,0.40999764158685326,0
0.7925244622998051,0.0363312130158457,0.0234673945595699,0.0935786258011855,452980054,0,0.2074755377001949,0.6146727432547826,1.2687034464965627,0.39128656637400144,0
0.8671183928587377,0.041494795457907,0.0138116878883635,0.1004706128837069,558141928,0,0.1328816071412623,0.4422129395988982,1.917500179512445,0.42358206487368255,0
0.7528649109769814,0.0302453343364612,0.0233437082779625,0.0895033549299076,551815144,0,0.2471350890230186,0.5878555029050965,1.2592757067864455,0.4200597420981557,0
0.8878590099658835,0.0401751260646169,0.0128802142377492,0.0560642270714737,617453789,0,0.1121409900341164,0.4183047890134531,2.072960734366189,0.44458332863688854,0
0.7378519149766175,0.0385699508726951,0.0186855458539586,0.0728394124050602,510380167,0,0.2621480850233825,0.5279907205699539,1.3714956164948873,0.400905419089138,0
0.8655271994318646,0.0452790942230287,0.026479358909315,0.0788116963745501,564637264,0,0.1344728005681353,0.7107035550784163,1.2009475925752728,0.3761367741125942,0
0.7077023800876576,0.0532307927311602,0.0244853309844356,0.0530084757689693,534317677,0,0.2922976199123424,0.7026297906133544,0.9930855956478388,0.43962170667875117,0
0.8647707086825843,0.0512557645347154,0.0212197659895425,0.0679435868843207,515582642,0,0.1352292913174156,0.6294183779297118,1.35243330271881,0.3637030510291041,0
0.7418652315506933,0.056778753195309,0.0278650986260742,0.0865821355742025,487185958,0,0.2581347684493067,0.7844169853027219,0.9338486528809512,0.4405681062868316,0
0.5022461246835471,0.0608108254290082,0.026581828588568,0.5821848339934806,487545206,1,0.4977538753164529,0.7748798734873942,0.639901903016008,0.6656634482484272,1
0.8622980084756422,0.0555248995441714,0.0200957388870787,0.0423369958388283,421717598,0,0.1377019915243578,0.6240143759182611,1.3600606567110585,0.3928994354383472,0
0.9696835449191348,0.0474764649787371,0.0263743752063936,0.0716957246418945,458055366,0,0.0303164550808653,0.7173933640428207,1.3330937465935566,0.41279737053485904,0
0.8191749122510592,0.0469088353579749,0.0223129564642697,0.0910811554223181,518198531,0,0.1808250877489408,0.6338944707172951,1.2722192059492337,0.3648212221499271,0
0.917968167761682,0.0583849077445164,0.0159586713917953,0.0867604696220341,489576589,0,0.082031832238318,0.552713058813973,1.6313255101924915,0.3892774292513546,0
0.8366305535746517,0.0474120393733289,0.009579435302507,0.1078690905504886,415574740,0,0.1633694464253483,0.3812368635434571,2.1384246514943293,0.4806715881276731,0
0.7224457872964506,0.0395308901731806,0.0163913122333137,0.089828589054404,524365261,0,0.2775542127035494,0.4859498053589971,1.4566913415229643,0.425262165308175,0
0.962223544874888,0.0563873022202918,0.019903698101328,0.0898241533082399,547889580,0,0.037776455125112,0.6236231709077279,1.518605362074129,0.4031093341255048,0
0.8885977932194548,0.0342949939637682,0.0268642423733826,0.0733842155134488,470754617,0,0.1114022067805452,0.674464823322726,1.298237342433126,0.3985853472240169,0
0.9366440994540222,0.0512229750303228,0.0235987897107409,0.084445797116017,450723019,0,0.0633559005459778,0.6768676943361095,1.3636455858640046,0.37919275971720284,0
0.7137294048515876,0.0549097495163825,0.0178161788138089,0.0542338476507292,482970064,0,0.2862705951484123,0.5759625743417083,1.2180460597733862,0.4226333953444979,0
0.8120043751071235,0.0503408346825922,0.0155060797583843,0.0888261430339849,508214738,0,0.1879956248928764,0.5114849338980563,1.5571003538634542,0.3748377059904712,0
0.7901210770754756,0.0592784012808123,0.0213574765541282,0.077059491531383,530445267,0,0.2098789229245243,0.6642631362058143,1.171828970988407,0.37399016943632307,0
0.974040039425126,0.0385627379267933,0.029520682947865,0.1047530751502399,476575194,0,0.0259599605748739,0.7446646106644742,1.2906926145211637,0.46184644821508686,0
0.8143597982879383,0.0516865467196672,0.0197379777471126,0.0665976959909153,496867588,0,0.1856402017120617,0.6015057418209222,1.3317287845294203,0.3650038561209764,0
0.8143053253428176,0.049812912435541,0.0245568136108736,0.0871133789712645,426398146,0,0.1856946746571823,0.6903879219596363,1.1626490117997017,0.3725232903807133,0
0.8081711978277385,0.0641093237974627,0.0196899799531698,0.0897512059417343,539899727,0,0.1918288021722615,0.6502368942532477,1.2240624613106632,0.3825763364622016,0
0.8434279057285945,0.044043387059565,0.0152554173958758,0.0683870339489209,516342770,0,0.1565720942714055,0.4812818961557766,1.7167901205566891,0.38371940982919606,0
0.809721947670704,0.0532876241030348,0.0235909286285396,0.0717701371087564,582810412,0,0.1902780523292959,0.6849690689829326,1.1651194043149415,0.3714603781916585,0
0.8558654373750723,0.0542359906559346,0.0247065529038374,0.0874012223053791,438983965,0,0.1441345626249277,0.7110750207004868,1.1869298100822347,0.3689400929962759,0
0.8504194959774546,0.0618570415466299,0.0172665995770636,0.0839096346310658,456035860,0,0.1495805040225454,0.5927601577277933,1.4108754287663192,0.37781273707368696,0
0.8633161766570445,0.051598563919974,0.0210838778188131,0.1121756171146874,558318527,0,0.1366838233429554,0.6280718120561589,1.3530078595308033,0.3713246439191175,0
0.7424439591172578,0.0570821442325655,0.0114806420658664,0.0759495154587034,543438625,0,0.2575560408827422,0.4579414182475904,1.5866173203852338,0.4288275478678739,0
0.8878077985930434,0.0338368939156341,0.0173451455109401,0.0775588573575744,547891981,0,0.1121922014069566,0.4822504858813401,1.8035691666276072,0.4126130641902946,0
0.8840366049427971,0.0362038183521107,0.0263617675005338,0.1128122912697657,544353988,0,0.1159633950572028,0.6720506234191196,1.2961451461053166,0.4066518857536776,0
0.8565499311509058,0.0714514912777338,0.01876487149627,0.0944295864751468,409806860,0,0.1434500688490941,0.6611033950363359,1.2763307971412203,0.4039448645505855,0
0.9835217220231514,0.0641222055541543,0.0189097705230381,0.0763486205124091,506430872,0,0.0164782779768486,0.6346842326773798,1.5255867480092946,0.43640313589642854,0
0.8461830915086416,0.0586239347238275,0.0214436183141251,0.057530119335208,492639736,0,0.1538169084913584,0.6633681051778126,1.256642666918705,0.3760205418240308,0
0.8350502684670913,0.0451693894831656,0.0194161704210237,0.0601227465033029,537824417,0,0.1649497315329087,0.5690009663531378,1.4422260358677652,0.37584458885040983,0
0.876756543198962,0.0612670513682758,0.0155665953885827,0.1130723453698457,498183469,0,0.1232434568010379,0.5564001132447576,1.5479455647991556,0.40325392307808544,0
0.8323228660936268,0.0435851840477704,0.0143489813766303,0.118468915896499,509629845,0,0.1676771339063731,0.4613203637236895,1.7659386908679682,0.4266180217702484,0
0.9774549301311516,0.0687329777621754,0.0220488139797974,0.1179553403349195,517812639,0,0.0225450698688483,0.7159081906446516,1.346526933747794,0.4734128542629772,0
0.9522761490085838,0.0536964219219809,0.021647543677865,0.0611488398841624,481336587,0,0.0477238509914161,0.6477365612452247,1.4478078384539514,0.4009912126540758,0
0.935238430005228,0.0401282047284881,0.0103616371032719,0.0563193888355488,486024626,0,0.0647615699947719,0.3677455609793916,2.475842277485429,0.5332248818639375,0
0.8773404780621727,0.0630174128939879,0.0188479964289711,0.0636756551091607,465686043,0,0.1226595219378272,0.6290295801553752,1.3729262389525911,0.3792707416948825,0
0.1798572152436913,0.1812129267793451,0.1229891217932661,0.2535432511755529,101799143,1,0.8201427847563088,3.1846341429827043,0.0562997849499491,0.7011332923354817,1
0.867770701730697,0.0526712665101148,0.0195970012535161,0.0806942749750512,463048567,0,0.1322292982693029,0.6026250911107833,1.4164792045283283,0.36243549119831886,0
0.783523990687117,0.0647753008105526,0.0133877102162821,0.0693279938712166,496523385,0,0.216476009312883,0.5268554075678535,1.459469308946258,0.40984125908295854,0
0.7355886897631494,0.0409609235853521,0.0215982591295948,0.0724398420196356,400223410,0,0.2644113102368506,0.5958088769333061,1.214225670457006,0.397211734452505,0
0.8075304981663743,0.0661558282354823,0.0093964992368246,0.0835107245915719,568695719,0,0.1924695018336256,0.4525532976784227,1.7458107038030186,0.43567615683297084,0
0.8473844201524725,0.0617347385748532,0.0269072703934524,0.0677175486998336,511157652,0,0.1526155798475275,0.7850843621684617,1.0657792562305854,0.4038262387292602,0
0.7670203076538835,0.0706150357663639,0.0186051853483409,0.0963100204488852,459741412,0,0.2329796923461164,0.654563850032275,1.154170976372899,0.41356763187815365,0
0.8548184167952821,0.0587006773068875,0.0202045958769786,0.0739828050571834,577939459,0,0.1451815832047178,0.6388946267671223,1.3173455003843983,0.36352674665370494,0
0.9427463842691398,0.0452509634337747,0.0187795976316289,0.0967893700903681,512154586,0,0.0572536157308601,0.5565958063676789,1.6638781538339995,0.3957538626978768,0
0.8536457471923051,0.0491171795164874,0.0101494809114408,0.0585829516263112,469457118,0,0.1463542528076948,0.3994583362947662,2.084817114525106,0.45326008737037576,0
0.809835662051791,0.0349702967160484,0.0273633533787549,0.0877662401084689,527169541,0,0.1901643379482089,0.687148254439292,1.16164052178992,0.4021592263981579,0
0.7504276237350866,0.0662467845846956,0.0089721697145046,0.1016396961849988,524462726,0,0.2495723762649133,0.4444305326288754,1.6513582821864354,0.46142851178549116,0
0.684128781407348,0.0463317558818531,0.0229101328354236,0.097446307600569,418433244,0,0.315871218592652,0.6435296802358852,1.0468212876887526,0.43585469825077877,0
0.9267416660868164,0.0338643860212325,0.0225089136808377,0.1161439328727577,506766917,0,0.0732583339131834,0.5856358177016849,1.555886396595043,0.42580752872494076,0
0.8065260183092988,0.0439217801290556,0.0152582599788789,0.0862475642093314,476434213,0,0.1934739816907011,0.4808523200938026,1.6431133872509158,0.38385722247660536,0
0.901638734491286,0.0380607499360094,0.0177499357100209,0.0917180840232929,513392181,0,0.098361265508714,0.5072417139444564,1.743167092258355,0.3947592573060887,0
0.7978719721915346,0.0757970933765432,0.0244629866914965,0.1182283817427944,525224162,0,0.2021280278084654,0.7924481073361037,0.9942972821510409,0.4639075663816716,0
0.453830453522583,0.2881932101984769,0.1670205459593475,0.0732951183626394,306688770,1,0.546169546477417,4.493183759980859,0.1007799098841376,0.7094911830507002,1
0.8893961011206519,0.0397232485907404,0.0145134873618357,0.0965645938036924,526548783,0,0.110603898879348,0.4491627415996772,1.9369953625202352,0.4264575905548094,0
0.7611539323627337,0.0621715852082549,0.0217482502364984,0.0814639398200338,534638451,0,0.2388460676372663,0.6836513455629893,1.0973148646384547,0.38763711583212257,0
0.8251786594725234,0.0469477529564533,0.0169137340672653,0.0603539283924537,556395449,0,0.1748213405274765,0.526065693171121,1.5393237619649591,0.37402799604971293,0
0.8315252375833058,0.0618738605156475,0.020078091669748,0.0956574746989714,419164331,0,0.1684747624166942,0.6490572754575503,1.26168888281526,0.3770694752752805,0
0.9069291902471112,0.0632819414184905,0.0240938882187743,0.0665013196241889,466582740,0,0.0930708097528888,0.7350055300494485,1.2173455815648984,0.39996638558359743,0
0.9652093772359578,0.0508958068125524,0.0187057279981508,0.0872623125548904,488214437,0,0.0347906227640422,0.5776977872132268,1.6423566639800249,0.4013132706093297,0
0.985716509463203,0.0402547069532935,0.0278170667941605,0.0807889409648147,498062855,0,0.014283490536797,0.7173601636963851,1.3551972718080572,0.4437973428236436,0
0.8758174848270471,0.0352108843122587,0.0111188238355084,0.0891633622957739,529572107,0,0.1241825151729528,0.3632200139592029,2.346651980252012,0.5067714329888796,0
0.8855055542516983,0.0429498814424159,0.0069789307168643,0.1037346924035466,495414698,0,0.1144944457483017,0.3113781401069502,2.7553384743499176,0.5577327446693582,0
0.8914127216375298,0.0407264686580942,0.0073521996115284,0.0600970303629324,580216955,0,0.1085872783624701,0.3099498668629467,2.7861012426030296,0.5568625682976877,0
0.8399370463920282,0.0628101636173511,0.0234895163626951,0.0952805956314571,463351555,0,0.1600629536079718,0.7210309817233074,1.1489759906098498,0.3813382832027226,0
0.8373593681136808,0.0435645016768253,0.020986461328156,0.0752806002557805,519319132,0,0.1626406318863191,0.5939872332704221,1.386385873720565,0.3675250187544234,0
0.9768813452916282,0.0570810867668859,0.0259705470152368,0.0369523291078163,557969052,0,0.0231186547083718,0.7477352873722809,1.2892118944061783,0.4665928472994088,0
0.9197856509376542,0.0433092726134008,0.0182011567710545,0.0744037931524598,381417031,0,0.0802143490623458,0.5372602258746948,1.680709847801466,0.385820227835746,0
0.7892693870757042,0.057420953720093,0.0201639849770579,0.1021180084871461,469626385,0,0.2107306129242958,0.632963514421531,1.227549261151783,0.37893212028698503,0
0.8122454507368453,0.0481471234112229,0.0167531348083928,0.08567502047323,431329855,0,0.1877545492631547,0.527651189812749,1.510729383896148,0.36915557507411634,0
0.2907543833318791,0.0497002772522306,0.028711897572445,0.5084589535459724,373921390,1,0.7092456166681209,0.7730390604578231,0.3713152995993359,0.6801924838522273,1
0.8085910960771062,0.0443783197342169,0.015317468126052,0.0990003165733929,432996396,0,0.1914089039228937,0.4838626414579083,1.6372793327515178,0.391416582915972,0
0.7287847150241158,0.0486598283332708,0.016070069836825,0.0810451698099496,564749279,0,0.2712152849758842,0.5160407100695851,1.385415046922341,0.3946714765942924,0
0.7374028980498756,0.0593431991123927,0.0156861211797843,0.111811641452357,420891161,0,0.2625971019501244,0.5510952200452589,1.314220602325565,0.4132262102850155,0
0.8110299692988243,0.0454677195067272,0.0158729473501052,0.0525506890423179,518970269,0,0.1889700307011756,0.4993298250290134,1.592347295296569,0.3877396448130676,0
0.7463936982349106,0.0393246708574572,0.021989635249734,0.0891561121985157,358383703,0,0.2536063017650893,0.59709138842451,1.2294585501729982,0.3983400472850765,0
0.1601930416040305,0.1487612193897815,0.1212466269923824,0.2124751050885818,99866953,1,0.8398069583959695,3.019977417406775,0.052869384663973,0.689861016230874,1
0.90452005578981,0.0420397414319651,0.0110706675403294,0.0842418670614835,402531412,0,0.0954799442101901,0.3895723165344493,2.263720529076809,0.47440790076479916,0
0.8958066225084926,0.0425509735519355,0.0192237047558762,0.0872129578287159,457596720,0,0.1041933774915073,0.5546779893252671,1.5864025859745137,0.37613531780988363,0
0.7977900816558087,0.0519473619471877,0.029936379996154,0.0817339539882879,395705106,0,0.2022099183441913,0.8065170477118317,0.9770648192729072,0.42680265534808026,0
0.8679107219423305,0.0614844570919675,0.0272791116107338,0.0978929437514774,494709062,0,0.1320892780576694,0.7915200605825468,1.0828309416379809,0.4065090477487889,0
0.7498768460647645,0.0409426769913738,0.0223333549098304,0.1236819346676091,539495986,0,0.2501231539352355,0.6104378061621034,1.2086253265308629,0.4252320439302831,0
0.800976904761249,0.0630434024287815,0.0220430365385088,0.0725628423544266,496206427,0,0.1990230952387509,0.6930343404853028,1.139314054286931,0.3784467158792123,0
0.8281821144201863,0.0542830709720764,0.0160761904593614,0.0577190709967601,580815002,0,0.1718178855798137,0.5386560930755356,1.5094740127239727,0.37515959223692574,0
0.8699506946968604,0.0563805110144075,0.0163452186214226,0.1001894357719193,541355771,0,0.1300493053031396,0.5524264164860829,1.546781355207534,0.3761870714982192,0
0.8109915020742005,0.0591358462623324,0.0068212613049156,0.0928108587014954,449719931,0,0.1890084979257995,0.3729686111476422,2.117644836854649,0.5069639173626006,0
0.7596758583026216,0.0497580439360908,0.0184897725025506,0.0721294028806054,471179021,0,0.2403241416973783,0.5688276257953769,1.3124388409394558,0.3792285161072817,0
0.9116692155109574,0.0616473935445717,0.024984293867329,0.0672343454694301,591027195,0,0.0883307844890426,0.7462754515248676,1.2054724421806515,0.396309938984022,0
0.9342522282666322,0.0424803066826118,0.0157578568290459,0.0734877789570299,436799691,0,0.0657477717333677,0.4850783633113658,1.8870794958960069,0.4225885891196753,0
0.809859436513237,0.0543004164719107,0.0138964378704292,0.0861999796633111,488784051,0,0.190140563486763,0.4951304232962269,1.6032679861737529,0.38328263631269416,0
0.8903989823184365,0.0441831908605135,0.0298822029225774,0.046628014822436,470505384,0,0.1096010176815635,0.7743768218936028,1.1351673806078058,0.4317195193226021,0
0.923922161536552,0.0551390784965891,0.0231103499515302,0.0986625614468214,506315709,0,0.0760778384634479,0.6827633130169615,1.3336765157394108,0.3842509436332611,0
0.7475756481063285,0.053080505395041,0.0249828525528972,0.0875830623745224,529363120,0,0.2524243518936715,0.7119790726381088,1.0354533482178228,0.40188975396668186,0
0.9025242886907064,0.0467516861649137,0.0227884553036256,0.0862636894772996,504208411,0,0.0974757113092936,0.6427758507321676,1.3825944812119129,0.37131083421342415,0
0.7889392674765986,0.0462779322392894,0.0246090075098862,0.0683643593321589,559006408,0,0.2110607325234014,0.6772918791548831,1.1478955177627073,0.37651304673278424,0
0.7523325080023182,0.0657398676329003,0.0337983001945553,0.0889374500160539,547835159,0,0.2476674919976818,0.938925474422709,0.7928257047372549,0.5060543779123867,0
0.9168553689652114,0.0497248509494936,0.0164521007262541,0.0866170260923115,447990314,0,0.0831446310347886,0.5279414183230573,1.7043777216919922,0.385909080522959,0
0.7788388456299581,0.0575892858978676,0.0249366725829455,0.0610850787860643,422859839,0,0.2211611543700419,0.7290905952503809,1.0537799433993769,0.3991037581565699,0
1.0,0.0533848384346169,0.0167108272307393,0.0829872696454237,535172006,0,0.0,0.547755898353254,1.792899013623073,0.44313317663635726,0
0.8602483531928631,0.0559355672228086,0.0104387251229011,0.0720560936770802,576437392,0,0.1397516468071369,0.4325167713492568,1.9439903951434896,0.43320976479262574,0
0.7939903348048661,0.0523924686411114,0.0196790591144575,0.0477686528179434,570709364,0,0.2060096651951338,0.6031510568535963,1.294934300332535,0.3855737754335623,0
0.976196262381078,0.0550084447494445,0.023789609249618,0.06310117122813,507898715,0,0.023803737618922,0.6958259639901402,1.3830551895009555,0.4211503310428751,0
0.4244118221028848,0.412716918037867,0.2491186054398292,0.0531787057339686,329561437,1,0.5755881778971151,6.633239780948052,0.063886271773607,0.7344792611563992,1
0.7137933116609727,0.0469682021716572,0.0156009282324897,0.0829012749191876,523670370,0,0.2862066883390273,0.4998913733364236,1.3998928967759092,0.41153514329791147,0
0.7329188041494304,0.0491928341989141,0.0196211785673227,0.105589298633155,448402237,0,0.2670811958505695,0.5891949081421108,1.223172617440875,0.39631496403564054,0
0.8239181174265727,0.0588404539636105,0.0212769187783715,0.1038918444102746,510965116,0,0.1760818825734272,0.6609001914218737,1.2280785248851995,0.37610128276685323,0
0.7865983409253839,0.0462087225901251,0.0205294722655761,0.080249986438145,407905111,0,0.213401659074616,0.5954243356720239,1.299251276465879,0.37056757588795225,0
0.8000145137843456,0.0507005216311318,0.0202175733432173,0.08643357082753,500080951,0,0.1999854862156543,0.6071535533888739,1.2962973467321988,0.3639796674773575,0
0.9936702138476418,0.0325146802676181,0.0234067975522147,0.0756878084286395,432472201,0,0.0063297861523582,0.5981946721147675,1.6338028914204863,0.46345490716768223,0
0.9163524464946792,0.0546642998243352,0.0331039654551498,0.0545987782257593,462532115,0,0.0836475535053209,0.8807365084003386,1.0287581544629216,0.480126424070749,0
0.8211227067344736,0.0558669380147527,0.0149165843571175,0.090667184894109,495864248,0,0.1788772932655263,0.5217994392013613,1.5440458304499312,0.3750377211278982,0
1.0,0.0486154401601622,0.0203797763395804,0.1139144575562173,559429841,0,0.0,0.6020572874322578,1.6338339899444123,0.4561028504536031,0
0.870353667464097,0.0417311964596014,0.0219480708868545,0.1302311310316884,451692163,0,0.1296463325359029,0.605886203575496,1.4131728595498698,0.4144878551852231,0
0.8877132445109123,0.0474995348540104,0.0188473768740987,0.091826984835168,547440654,0,0.1122867554890877,0.5669456768980169,1.538642683456363,0.3692682874278554,0
0.9977309596838132,0.0562157188985605,0.0216202851411078,0.0717555850995106,587406853,0,0.0022690403161866,0.6572685784163981,1.4952464299333388,0.4351267191604975,0
0.8912028213766927,0.0429800831219324,0.0274205801426798,0.0645468110945835,524703195,0,0.1087971786233072,0.7203319353413264,1.2202709182642848,0.39369359893212974,0
0.7443813434383486,0.0701338724752662,0.0125173537245496,0.0785205427281124,516217010,0,0.2556186565616514,0.530882564392057,1.3762346809515311,0.43515160089643273,0
0.763515476767339,0.0521319662823768,0.0198428041481261,0.0801576036938945,492494152,0,0.236484523232661,0.6053839480920299,1.2407139951157065,0.37437186024085617,0
0.835844221800476,0.0389429533151406,0.016813461264856,0.0521955614969307,653843018,0,0.1641557781995239,0.4920410385576831,1.6648922251491196,0.3987318121927279,0
0.958309789933233,0.0402838596148934,0.0149802131395925,0.1097822621665658,451789996,0,0.0416902100667669,0.4607397012514241,2.035753065623406,0.4657321117985093,0
0.847200920760243,0.0717094271749781,0.0198319371764814,0.060492679454435,440847190,0,0.152799079239757,0.6834764522295412,1.221672225547781,0.41162135232964675,0
0.8423763574090438,0.0319894226584726,0.023427538693951,0.0500196807908319,436404049,0,0.1576236425909561,0.5965084645129108,1.388894643186158,0.41510282439809715,0
0.8310545114607992,0.052789941622238,0.0196693369268708,0.0695110372747469,475911701,0,0.1689454885392007,0.6045465050263699,1.3523053254124993,0.36393390731870895,0
0.8312677300221331,0.0569822331361359,0.010531926665231,0.0911310624906751,431657081,0,0.1687322699778669,0.438567465849165,1.8531609920672545,0.43038908636086365,0
0.7998426353769785,0.0512320480678448,0.0174178517805621,0.0932940549066622,551470655,0,0.2001573646230214,0.5532852278826222,1.4199602542100576,0.36548470421315393,0
0.8292326918909116,0.0492035860875428,0.0157618303569045,0.0602008441489597,488717180,0,0.1707673081090883,0.512050951488263,1.5884133330797212,0.3794168508588299,0
0.8428211444570218,0.0555560446600344,0.0261154153354766,0.0678354698511048,467215614,0,0.1571788555429781,0.7445324853496704,1.1170110774838755,0.38498128976238166,0
0.8723974901055856,0.0588310977714715,0.0189925423302624,0.0764181342996768,572097250,0,0.1276025098944143,0.6151752376911346,1.395444728949086,0.36674526600943164,0
0.983237955557006,0.0595030759197357,0.0277708021035738,0.0725883447519843,431748910,0,0.0167620444429938,0.7934283457504205,1.223802920021,0.45552708818541127,0
0.8961657701744432,0.040016145608117,0.0131119124962288,0.0937413159171783,494976213,0,0.1038342298255567,0.4223028323570446,2.073004623375421,0.4406413493016954,0
0.8352813330917856,0.0608598211617503,0.0200184783592392,0.0916547516634773,341478713,0,0.1647186669082143,0.6438088518317862,1.277561982759281,0.37330211110624084,0
0.7573308248645966,0.0551308542009729,0.0151997685236026,0.0383580259362202,581789890,0,0.2426691751354034,0.5245187872759454,1.4168460358973771,0.41962503289551933,0
0.8891499648982334,0.053243592817216,0.0236593535214414,0.104584295685941,465025238,0,0.1108500351017666,0.6861614416976937,1.2772180584002302,0.3776506822403145,0
0.8504090765313969,0.0591632767470248,0.0122312061699196,0.0774096550627311,493391532,0,0.1495909234686031,0.4812772303864928,1.73101667232241,0.39723967618815287,0
0.8152403018054147,0.0319686032374405,0.0195226787645546,0.0621442496901623,486862662,0,0.1847596981945852,0.5183279882408549,1.5430571916507323,0.3992887150442207,0
0.8778065364289337,0.0580805779828114,0.0267073795776544,0.101395429099677,475576195,0,0.1221934635710663,0.7664699034843339,1.1305094150975608,0.39467460200822996,0
0.8324719576952908,0.0364341819537659,0.0197489769147912,0.0838810388721174,470777235,0,0.1675280423047092,0.5407162661108893,1.5116167960211817,0.38377491572610195,0
0.7645903656493924,0.0357818933325815,0.013502093815362,0.0936413898012526,494238788,0,0.2354096343506075,0.4131694496375665,1.806818441889517,0.4666869795120331,0
0.7381145940944687,0.0418180111657769,0.0183434580840833,0.0809044541799996,420820580,0,0.2618854059055313,0.5341412063447755,1.3564761967811512,0.3963789186736089,0
0.9345697780975132,0.0342360784301575,0.0199534983943069,0.0732749052263785,640732722,0,0.0654302219024867,0.5360142816067686,1.7116214897297808,0.41142857507460673,0
0.8489202220209653,0.0539922312260527,0.022381788846781,0.0890701742510893,442442313,0,0.1510797779790347,0.6636047018398331,1.2602646918916816,0.36525564838725766,0
0.8996537678040543,0.0430757902012614,0.0223972075904303,0.0782786061441821,341164809,0,0.1003462321959457,0.6202473126136521,1.4274614897970237,0.37208724074316013,0
0.8328808924619593,0.0479188314272746,0.0192047739479997,0.0737938458923019,467316042,0,0.1671191075380407,0.5757708046690933,1.4218545646576917,0.3647207965596363,0
0.8786229888278626,0.051252245026479,0.0290217405489337,0.0837035107365982,512182861,0,0.1213770111721374,0.7854437910845906,1.1045695480630464,0.4004315295050377,0
0.7764460612612958,0.0475584336470935,0.0182297964452948,0.0808265126454123,494459371,0,0.2235539387387042,0.5548296634942717,1.3746552481997438,0.3754770134711113,0
0.8800558414676537,0.0512003132671826,0.0261947317646971,0.0889843744257006,487009992,0,0.1199441585323463,0.7286958883626742,1.1913642072901005,0.38048211076411015,0
0.7279579863260208,0.0537710039390218,0.0204260472481695,0.0907525980589976,463011441,0,0.2720420136739792,0.6236049607194776,1.1489145941966783,0.395509330755671,0
0.791570669462629,0.0444250821499216,0.0165768508711999,0.0716418090846821,421455927,0,0.208429330537371,0.5092373460236863,1.5244871647320213,0.37666468122241453,0
0.920531180555956,0.0626258410342718,0.0104016342190117,0.0480480166080913,500066284,0,0.0794688194440439,0.4585360485173216,1.9646965979863644,0.46866037066705296,0
0.9005926191244417,0.0437735063826554,0.019116129184421,0.0643599301497792,532279385,0,0.0994073808755583,0.5574166092190437,1.5871805733074331,0.38048624955586957,0
1.0,0.0439438446026313,0.0179326741943836,0.0901193110691173,514763997,0,0.0,0.5344288622981979,1.8367872632224151,0.4486233206292592,0
0.8724793494188026,0.0389663339382612,0.0170124490265417,0.0674453218783098,575456550,0,0.1275206505811974,0.4961143162838809,1.723878027843469,0.3874775776549704,0
0.944343774725106,0.0652846842641253,0.0219534796046407,0.0541474930569547,482457528,0,0.0556562252748938,0.7002083291493157,1.3296715005528543,0.4190624106665809,0
0.7373990644225743,0.0661537568946944,0.0149572265796189,0.0787062278993496,541139139,0,0.2626009355774257,0.5637595591711568,1.2852057148952922,0.41698462833467537,0
0.8893535337205204,0.0432228463024789,0.0153524456990379,0.0639435111209831,540996262,0,0.1106464662794796,0.4799402991906747,1.815228376170792,0.3988079609544757,0
0.8883183860597114,0.0543655980415766,0.0197858830934421,0.1260727750420958,527289335,0,0.1116816139402886,0.6131800540351492,1.425460234658935,0.40197851306479476,0
0.7799505397292195,0.0602406252581146,0.0239518594802585,0.0763369905789341,391516129,0,0.2200494602707805,0.7199996906376297,1.0684258496711956,0.3878174502045026,0
0.9150813773895736,0.0559740006984985,0.0138044646217304,0.0894694379807045,544565184,0,0.0849186226104264,0.4999852952286042,1.7943289462481116,0.40849897313339295,0
0.7614932020795178,0.061487657003721,0.0219523242496444,0.078132262822001,452454463,0,0.2385067979204822,0.6849971130077732,1.0956782234446505,0.38617039238398004,0
0.6658463068211532,0.0439021709568061,0.0318193624730968,0.0783824300426907,564190842,0,0.3341536931788468,0.8119959332891608,0.8100360109530159,0.5170972153585663,0
0.845656410678575,0.0598572999567986,0.0129721649041067,0.0842547955171532,498272468,0,0.154343589321425,0.4988724979093303,1.6618237655854846,0.3885281227811887,0
0.8579721092070113,0.04935861653407,0.0235769065772062,0.0814536104865868,463239948,0,0.1420278907929887,0.6689725976804047,1.2636328949623714,0.36431770400086594,0
0.1693551667755731,0.1389318168290561,0.1676342706346509,0.1932544083261544,98980052,1,0.8306448332244268,3.908412680009243,0.043220349821646,0.7085248288943756,1
0.7164475775102902,0.0622103369552535,0.0208760570945425,0.0900548961498163,475614731,0,0.2835524224897098,0.6663624897118654,1.059265687272961,0.42056908184902203,0
0.9287457918781268,0.0496677000935553,0.0310939011672406,0.060639084829795,567542616,0,0.0712542081218733,0.8205488237190349,1.1182314216271898,0.4470607219445704,0
0.3792448402571697,0.0853938162278286,0.029928648235253,0.5255523935625039,366094638,1,0.6207551597428302,0.9401482296163756,0.3991428162848767,0.6807308291998014,1
0.915002065791536,0.0463755905859686,0.0213268117469981,0.0497105938163846,450415166,0,0.0849979342084641,0.6120385972838376,1.4709731354082172,0.39624191395835623,0
0.9657582307482986,0.0661222062825542,0.0286942567592666,0.062870035251816,532972562,0,0.0342417692517014,0.8383739603155501,1.1383638300132264,0.4652261631945559,0
0.7120065733989573,0.0673596380316525,0.0241473742096587,0.0683280134730799,496046632,0,0.2879934266010426,0.7523860363197847,0.9339186966697072,0.4595363011405994,0
0.9992619608915804,0.0431184965482227,0.0181240180983803,0.0552514672355485,526326834,0,0.0007380391084195,0.5349543481604975,1.833661781513637,0.45720195028238103,0
0.9090773263996328,0.0668392769145787,0.0165264343445547,0.0922043233917844,510237944,0,0.0909226736003672,0.5978857945494089,1.4954738777429073,0.4087265803524733,0
0.8561894646118094,0.0443575240134261,0.0175343858880011,0.0899239837472663,470533388,0,0.1438105353881905,0.5281178138137272,1.5910818089144037,0.36858317344959796,0
0.7853361371715879,0.0682600971354693,0.0213014025329144,0.0654345559518677,461175042,0,0.2146638628284121,0.699068439200166,1.1075604183673051,0.405349313689647,0
0.8441736869874501,0.0477536685000297,0.0186667383538279,0.0978739537877822,464197828,0,0.1558263130125499,0.5643494410766776,1.4697910829423964,0.3699520487767564,0
0.842315208022028,0.0339803418810283,0.0168421113541733,0.0964655983135541,519210103,0,0.157684791977972,0.4727635946075801,1.7447778113979646,0.41106535043526393,0
0.7881739828369942,0.0432650937575613,0.017816401319797,0.0468675358464445,592832371,0,0.2118260171630057,0.5293884014261858,1.461236431397115,0.3970673901310542,0
0.7678787760471152,0.0574791025611753,0.0237250265643864,0.0844846948907058,515262156,0,0.2321212239528848,0.7044169415324295,1.0748328201736226,0.3861519389674535,0
0.8666150149730488,0.0511502607914741,0.0172128847344583,0.0717517236356704,480006088,0,0.1333849850269511,0.5488587378550646,1.550687063244591,0.3656747636123757,0
0.7958462399755233,0.0549403018628273,0.0167094175546237,0.0742290260824859,523013581,0,0.2041537600244767,0.5539495585437839,1.4112011046352035,0.3700470149300546,0
0.8486861683141798,0.0331656180777905,0.0214609636416318,0.0493459888022013,465930988,0,0.1513138316858202,0.5618817451437993,1.484023883470486,0.4108548369041531,0
0.8242891326677605,0.0469753031351187,0.0202488684359048,0.077020613804654,525162603,0,0.1757108673322395,0.5928785812585708,1.3672556270733194,0.3651549952677696,0
0.8010785757606441,0.0518958161659874,0.0219316165890578,0.1085771541562713,456586951,0,0.1989214242393558,0.6462155964451057,1.2207551604995366,0.3754566521173972,0
0.8454443501023146,0.0456451362943015,0.0206177384797779,0.0778732599493737,505589957,0,0.1545556498976854,0.5949353147727645,1.397578103734767,0.36183031884310124,0
0.8636692350502353,0.040645612979554,0.0298129359526539,0.0675593038889123,495954133,0,0.1363307649497647,0.7588411709712957,1.1233389517358197,0.41630901694661954,0
0.7945672323791476,0.0490111034680885,0.0226125705263287,0.0584937521390152,423641607,0,0.2054327676208523,0.6482958243989301,1.207006338077023,0.37853208220921253,0
0.9339207380669512,0.0548918713014766,0.0254549021259298,0.1090523349097235,427739736,0,0.0660792619330489,0.7286655277245032,1.2643350786166256,0.4053202153929835,0
0.923428955764382,0.0583352896160892,0.0275557746512367,0.0859631693198105,510533423,0,0.0765710442356178,0.7844566514890917,1.1623402661851352,0.40901142273201835,0
0.8514747146452314,0.0446403655488595,0.0250573151770417,0.0899374718101519,510530041,0,0.1485252853547686,0.6797077657362738,1.2345441895036064,0.37163757264466385,0
0.8528210841577383,0.0377570176371063,0.0237134120917986,0.1179457738954622,592468107,0,0.1471789158422617,0.6252963123843976,1.3423989208388845,0.4003399732250458,0
0.7865701734190125,0.0323923724084418,0.0274362307766796,0.1210594404900332,514436400,0,0.2134298265809875,0.6782941051673601,1.1427820861951976,0.4451551038242535,0
0.9653018631252892,0.0609131012059426,0.0217383824176916,0.0756866472490473,493393170,0,0.0346981368747107,0.6784200531776043,1.40219893169825,0.40914661570806315,0
0.7311551701570422,0.0410880777458471,0.0240707588105913,0.0441378709493084,487612379,0,0.2688448298429577,0.6457674871952153,1.1149609952214432,0.427428370716474,0
0.9738004161064048,0.0579348872055221,0.0144885392508178,0.0798591002903889,465649295,0,0.0261995838935951,0.5215103338384461,1.8321382560407449,0.4457345923281121,0
0.8604592461828873,0.0623609317521043,0.0195923866344917,0.0929297907545154,546470499,0,0.1395407538171127,0.6412914596982529,1.32115849727485,0.3745333278413482,0
0.430301265296426,0.0607811773523601,0.0340841850571549,0.5530136619499408,374433260,1,0.569698734703574,0.9248084105525388,0.4603095783467407,0.6862564797538029,1
0.8948627621094587,0.0457059445887474,0.0190454810413635,0.0885088972836834,445489579,0,0.1051372378905413,0.56373339918226,1.5597187881774064,0.3740257623486771,0
0.9129667682993962,0.0729094257259074,0.02123252389216,0.089118083903414,523991351,0,0.0870332317006038,0.7162881807468302,1.2570310139986134,0.41220487425270314,0
0.8170498427102026,0.0536736550681617,0.0226731454306121,0.0793543877790105,484976702,0,0.1829501572897973,0.6681575288848907,1.2048083342135796,0.3638331431192974,0
0.787735621967815,0.0683818367679512,0.0175734708231606,0.0336771227406224,500967203,0,0.212264378032185,0.6249967635350181,1.240534861284177,0.44433137376126575,0
0.8020499981636982,0.0553665275252728,0.0208841043606969,0.0913952071439729,553596493,0,0.1979500018363018,0.6391481973150313,1.2355422097466964,0.36718934381488616,0
0.7936525047565792,0.0563472146856177,0.0300613522285038,0.0616735816185316,533313483,0,0.2063474952434207,0.8266159033125473,0.9486462086294845,0.44352666564996707,0
0.8961245570444613,0.0487905185139221,0.0188456681307761,0.099556310993724,476941513,0,0.1038754429555387,0.5720754366712119,1.5395333673058629,0.37272666767497364,0
0.9627477952148464,0.0507685188295876,0.0242257898559216,0.0853858950516146,490807305,0,0.0372522047851536,0.6875898724367829,1.3801057516099369,0.39992000338114514,0
0.8050026579284586,0.0669505104043075,0.0162671082672988,0.0700485832322958,451259671,0,0.1949973420715414,0.5931442069632062,1.3346769290574756,0.39868679753293,0
0.8823240685451631,0.0396009407287446,0.0282133647662798,0.087228346345462,512156172,0,0.1176759314548369,0.7226710582405751,1.2042567515413567,0.4057008603731872,0
0.8173539701582758,0.0471867244288178,0.0179594958041988,0.0810332195370216,471467978,0,0.1826460298417241,0.5479368137992494,1.4649579485399702,0.36435082885705805,0
0.8038477075470077,0.0424658212965381,0.0251762466736187,0.0827812079730683,529264971,0,0.1961522924529922,0.6733882186585279,1.1762680210158414,0.3765292414890971,0
0.8389388559063052,0.0592463368291276,0.0192774066464224,0.0627922997844099,498439825,0,0.1610611440936947,0.622533480244959,1.3263153368283562,0.3704126799516749,0
0.4132883339014481,0.4638543249026652,0.26996383264551,0.0941870502891063,312190520,1,0.5867116660985519,7.254693952520861,0.0568899855386249,0.7490327915735769,1
0.149056578056136,0.2019350889530189,0.1098806760202428,0.1678001590333131,106544310,1,0.850943421943864,3.005353876216934,0.0494325323577419,0.7106853180936722,1
1.0,0.0425278832085217,0.0204284358070167,0.0648647204596814,585952030,0,0.0,0.5786802489744229,1.6987150524281445,0.44155017859134993,0
1.0,0.0549669922323652,0.0177223023698806,0.1105606271877566,390437307,0,0.0,0.5743140163270738,1.7114085441350138,0.45907038705673764,0
0.832426248972999,0.0465134786559214,0.0200026397942829,0.1040106331694774,531683051,0,0.167573751027001,0.5861067105093454,1.3964383126332025,0.37081012269263725,0
0.7749739968067901,0.0504059169120388,0.0223620313894018,0.0664600972308293,468684236,0,0.2250260031932098,0.6488642954361931,1.1762270351798745,0.37788295050918225,0
0.9158035929682552,0.0451681353770062,0.0253010495374944,0.0811796844317919,459530958,0,0.0841964070317449,0.686693532257913,1.314499920790464,0.37983425030153706,0
0.9020160942366928,0.052691269412451,0.0232023989760041,0.0680605142655785,504141628,0,0.0979839057633071,0.6748130571698867,1.317171284619538,0.37180983351433394,0
0.7243820224087635,0.0367997748877929,0.0185756225331516,0.0894308476083641,539131491,0,0.2756179775912365,0.5187115502142048,1.3700892710123012,0.4208527951166988,0
0.8538817302355861,0.0508840688629184,0.0132446281689598,0.0900048093887314,532888158,0,0.1461182697644139,0.4684288388308718,1.784762248701817,0.4021792370700328,0
0.9048841167998752,0.0389679163427831,0.0196890449150034,0.1076906409518781,457783798,0,0.0951158832001248,0.5496525636712015,1.6168676345624653,0.3928929482658757,0
0.8075793905302047,0.0556550964563154,0.0234102603285631,0.0214110261999546,563382575,0,0.1924206094697953,0.6908255923965237,1.1523257701943057,0.4154648721472879,0
0.2389448899771138,0.161025312316218,0.1097967837269956,0.1640314580601837,112025765,1,0.7610551100228862,2.8400369238047856,0.0838392260750515,0.6963634392946605,1
0.8679273985448334,0.0497269546049006,0.0173209926847385,0.0694824064820959,473718453,0,0.1320726014551666,0.5453276721143729,1.562910407904324,0.3676115609205304,0
0.9274915992426312,0.0496277776349015,0.0215023717980541,0.0951942459096833,571025214,0,0.0725084007573688,0.6285585465006892,1.4524769957669497,0.3802668634783879,0
0.804902035775682,0.0517041622237548,0.0166983943026327,0.1159272164585392,484132475,0,0.195097964224318,0.5407845349476748,1.4613737036973065,0.38990106691650367,0
0.8617370949146658,0.0659864717050471,0.0286234832488055,0.0942109820459557,443997628,0,0.1382629050853342,0.8364155517962996,1.0181016795897124,0.4385381856349718,0
0.9460971137731156,0.0573684389709243,0.0155232683881848,0.0991677163968408,539592965,0,0.0539028862268844,0.5399391236473949,1.7203669880736212,0.41148252240344535,0
0.8685639949886109,0.0351510203155009,0.0254857635587684,0.1125693710954464,501365668,0,0.131436005011389,0.6503193524373734,1.3153695886430772,0.40273387214747386,0
0.7918290259340105,0.0438823090909471,0.0187191012375231,0.043377102433233,498788358,0,0.2081709740659895,0.5499112611142506,1.414204501545892,0.39822323740935545,0
0.840821084682648,0.0479641963989763,0.0229220649023624,0.1373680611133353,544603379,0,0.1591789153173519,0.650298083643154,1.2733962213603127,0.4141230310733629,0
0.6969375804273761,0.0431081218191043,0.0153004844944556,0.0520576362977401,509934000,0,0.3030624195726239,0.4784421771655308,1.426857902550023,0.44418652954482035,0
0.8516803073306207,0.0368816376764984,0.0221079330530722,0.088328920762029,550296225,0,0.1483196926693792,0.5896852117674392,1.420212289078268,0.3832887157313867,0
0.910559089331628,0.0481710355889516,0.0106172364697906,0.06352129026056,489201973,0,0.0894409106683719,0.405028871751619,2.1939656522897697,0.4681811076177847,0
1.0,0.0656151119672685,0.0153788342786584,0.0815628612593929,428366435,0,0.0,0.5700371334422437,1.7240275533145213,0.46372749984098494,0
0.8508186448815669,0.0468359155030519,0.0201707620874401,0.0944227072509116,446013183,0,0.1491813551184331,0.5907589037610104,1.416239758670366,0.36851381120793963,0
0.9157648127995592,0.0638427281851051,0.0159457124439483,0.0722015258688111,485131196,0,0.0842351872004407,0.5742851616193869,1.5673251229955136,0.4016423849316144,0
0.8460429032278053,0.0487146248856106,0.0214781224437354,0.0677135371180741,459681153,0,0.1539570967721947,0.6244209484171523,1.3335670982155283,0.3610335598759447,0
0.9672519015137244,0.055228354880355,0.0202996631513316,0.1040052349947765,608496829,0,0.0327480984862756,0.6269066825480528,1.5186713030613364,0.41008408036805644,0
0.6342490685646742,0.0481285573499545,0.0181474595070498,0.0851732229571077,430363226,0,0.3657509314353258,0.5554634195408151,1.121644737125023,0.4667677872885771,0
0.8565827191420339,0.047888697611723,0.0219689864910812,0.0720464061277079,531380314,0,0.1434172808579661,0.6309345202685174,1.3364590173473123,0.3615886795695029,0
0.7894919403772557,0.0522468472575188,0.0172522143204571,0.0597880356014217,498303738,0,0.2105080596227443,0.5540316754392174,1.399729793122824,0.37458481842994734,0
0.2123957911752254,0.1224607168616779,0.1431967993277668,0.2880697370698333,107508727,1,0.7876042088247746,3.353778854002049,0.0631420198514322,0.7041881945236688,1
0.7979485944702538,0.0482981537747507,0.014574247367211,0.0699643161437693,489296615,0,0.2020514055297462,0.4846775624432231,1.6130680973868483,0.3849162173765095,0
0.7765078442812641,0.052332161312635,0.0153776700593522,0.0694340590667404,440683178,0,0.2234921557187359,0.5168820464375846,1.4737792823488256,0.3803663573773567,0
0.9192604155336096,0.0398524326930713,0.0121787919414447,0.1011745705976775,534934440,0,0.0807395844663902,0.4029855696011801,2.225889917706662,0.4817946809348748,0
0.6869500371857716,0.0506699071722487,0.0150209230260488,0.084581493764114,542623432,0,0.3130499628142283,0.503098089209972,1.3388278998338956,0.4273735537948645,0
0.993564629081423,0.0639568381078995,0.0154515829150908,0.1038379866882714,449276013,0,0.006435370918577,0.5648590107334148,1.7283622775849272,0.46284432693308103,0
0.9196899762745354,0.0257575973972705,0.015372876869702,0.0362015659004289,455183367,0,0.0803100237254645,0.4104879269831236,2.1871971042618004,0.537468819118222,0
0.3571849198055695,0.0620165290512925,0.0278192227924625,0.593736471674227,384123969,1,0.6428150801944306,0.8044505720544216,0.4385593577576889,0.6786164181202199,1
0.8307739681473492,0.045353827027016,0.0223463379490426,0.1297037983335778,460193159,0,0.1692260318526508,0.6283420670889168,1.301455772664326,0.4112807594270966,0
0.8865402575323027,0.0813774853365999,0.0188172235639052,0.075209961559565,553004486,0,0.1134597424676973,0.7018544126245052,1.2453954654347872,0.42346646454728204,0
0.7288122220251309,0.0403165554513636,0.0229427663488536,0.1165924040343217,496843849,0,0.2711877779748691,0.6201215487825266,1.1566216445593505,0.4323707251405503,0
0.6988367415243575,0.0461148154691111,0.0205287689563574,0.0838315479238818,431308258,0,0.3011632584756425,0.5950346410035926,1.1550359172247922,0.41629609815752844,0
0.8352078290845608,0.0517958178193959,0.026644666597677,0.0755455859844678,476543457,0,0.1647921709154391,0.7400766032311249,1.1134967088517544,0.38161659597173125,0
0.871636546062387,0.0385831088586649,0.0224093303085924,0.1044164259762609,440650330,0,0.1283634539376129,0.6025190416065089,1.4230358353860597,0.3833291204349429,0
0.9815974170801028,0.0421510168691776,0.0215190929780243,0.0656596770174412,542290143,0,0.0184025829198972,0.598985927037198,1.6118556661164765,0.4238667115277767,0
0.7834115541516616,0.0639246530006432,0.0164104055462619,0.0520842159561503,543537332,0,0.2165884458483383,0.583906722927813,1.3190818084860814,0.40091250687249347,0
0.7895693654117342,0.0550109416993984,0.0142449295819024,0.0835695332777078,445693685,0,0.2104306345882658,0.5049423584356431,1.5333160158165813,0.3836911223251808,0
1.0,0.0300626435742854,0.0127441215497422,0.092773203372862,510476711,0,0.0,0.3751330052919859,2.5965055870551965,0.5906988580636798,0
0.8319378959610771,0.0442629999606142,0.0213868846897909,0.070736772758292,428815868,0,0.1680621040389228,0.604789693638276,1.3532072911595765,0.3656128816014847,0
0.7541697685928921,0.0567318135126995,0.0223600113545963,0.0565669130536487,533102591,0,0.2458302314071079,0.6741274811427258,1.1023819235169032,0.39669348774531354,0
0.8659247756458776,0.0731932953998169,0.0233968664147825,0.103403974183932,470078120,0,0.1340752243541224,0.7607105098949181,1.123540894445492,0.42128090669074003,0
0.9393836665270502,0.0637443809317081,0.0287368159895777,0.0677722950522274,430535063,0,0.0606163334729498,0.8297138435183885,1.1186949861289015,0.44516699072904814,0
0.8620315029180966,0.0529929258040649,0.0162075233264996,0.0687210502388351,479781900,0,0.1379684970819034,0.5361221697462527,1.578459089691646,0.37081480577625475,0
0.8252662301225089,0.0341586405699451,0.0111187683326677,0.0902722892846219,420205301,0,0.1747337698774911,0.3590099289331352,2.236433671333671,0.5031173321380488,0
0.8094445459703096,0.0619064627478634,0.0173698257866621,0.104600011454383,551255457,0,0.1905554540296904,0.5950223667246957,1.3378754083956577,0.3846028502396372,0
0.9949958846397544,0.0555148537604046,0.0190176670828595,0.0689415832526539,539835096,0,0.0050041153602456,0.602412756698809,1.6247144981160209,0.43093587279699,0
0.7259469255147094,0.0532135721545027,0.0221923786940486,0.078215316915571,487846940,0,0.2740530744852906,0.6567018624989837,1.0888629031178323,0.4016381342847554,0
0.7861362204369237,0.0478507896971126,0.0222919335177574,0.0831552287858753,568005795,0,0.2138637795630763,0.6372418291435991,1.21459427533771,0.37061331265194536,0
0.8763000887727748,0.0523878915902651,0.0192610984059126,0.1043794157958732,503990074,0,0.1236999112272252,0.5947735344793134,1.448972282702872,0.37072952519058217,0
0.8490202581722468,0.0653075083234369,0.018530165261679,0.0982754324277117,534068116,0,0.1509797418277532,0.6318333385273296,1.322804857909535,0.3833711143180461,0
0.899133336003474,0.066699045043514,0.016183569479107,0.0717635326207268,542503966,0,0.100866663996526,0.5904675697561981,1.4973886705797288,0.40465682910056144,0
0.7772490036164209,0.0618703030556038,0.0239230214394901,0.0677566616569035,493134451,0,0.2227509963835791,0.7259416410122177,1.0561285845266055,0.39550395967052854,0
0.1834149239771255,0.1309377035931379,0.0994826378806104,0.1871345622318178,109720569,1,0.8165850760228746,2.513403571984761,0.0726855291850372,0.6946957393848998,1
0.8662338416681039,0.0486569125852945,0.017343928526962,0.0709610125617624,476210227,0,0.1337661583318961,0.5415062208804182,1.5706692125525947,0.36744530132595077,0
